<?xml version="1.0"?>
<ForcePower xmlns:xsi="http://www.w3.org/2001/XMLSchema-instance" xmlns:xsd="http://www.w3.org/2001/XMLSchema">
  <Key>PROTUNL</Key>
  <Name>Protect/Unleash</Name>
  <Description>
    [H4]Force Power: Protect/Unleash[h4]

Force users can harness the innate abilities of the Force to protect themselves and others from harm. However, that same power can be turned to terrible ends when the user infuses himself with the dark side. Dark siders can shoot lightning from their fingertips
or envelop their targets in withering, murderous cold.</Description>
  <Source>Force and Destiny Core Rulebook</Source>
  <Custom>DescOnly</Custom>
  <AbilityRows>
    <AbilityRow>
      <Abilities>
        <Key>PROTUNLBASICPOWER</Key>
        <Key>PROTUNLBASICPOWER</Key>
        <Key>PROTUNLBASICPOWER</Key>
        <Key>PROTUNLBASICPOWER</Key>
      </Abilities>
      <Directions>
        <Direction>
          <Down>true</Down>
        </Direction>
        <Direction>
          <Down>true</Down>
        </Direction>
        <Direction />
        <Direction>
          <Down>true</Down>
        </Direction>
      </Directions>
      <AbilitySpan>
        <Span>4</Span>
        <Span>0</Span>
        <Span>0</Span>
        <Span>0</Span>
      </AbilitySpan>
      <Costs>
        <Cost>20</Cost>
        <Cost>0</Cost>
        <Cost>0</Cost>
        <Cost>0</Cost>
      </Costs>
    </AbilityRow>
    <AbilityRow>
      <Abilities>
        <Key>PROTUNLRANGE</Key>
        <Key>PROTUNLSTRENGTH</Key>
        <Key>PROTUNLSTRENGTH</Key>
        <Key>PROTUNLCONTROL1</Key>
      </Abilities>
      <Directions>
        <Direction>
          <Up>true</Up>
          <Down>true</Down>
        </Direction>
        <Direction>
          <Right>true</Right>
          <Up>true</Up>
          <Down>true</Down>
        </Direction>
        <Direction>
          <Left>true</Left>
          <Right>true</Right>
          <Down>true</Down>
        </Direction>
        <Direction>
          <Left>true</Left>
          <Up>true</Up>
          <Down>true</Down>
        </Direction>
      </Directions>
      <AbilitySpan>
        <Span>1</Span>
        <Span>1</Span>
        <Span>1</Span>
        <Span>1</Span>
      </AbilitySpan>
      <Costs>
        <Cost>5</Cost>
        <Cost>5</Cost>
        <Cost>10</Cost>
        <Cost>10</Cost>
      </Costs>
    </AbilityRow>
    <AbilityRow>
      <Abilities>
        <Key>PROTUNLRANGE</Key>
        <Key>PROTUNLMAGNITUDE</Key>
        <Key>PROTUNLRANGE</Key>
        <Key>PROTUNLCONTROL2</Key>
      </Abilities>
      <Directions>
        <Direction>
          <Right>true</Right>
          <Up>true</Up>
          <Down>true</Down>
        </Direction>
        <Direction>
          <Left>true</Left>
          <Right>true</Right>
          <Up>true</Up>
          <Down>true</Down>
        </Direction>
        <Direction>
          <Left>true</Left>
          <Right>true</Right>
          <Up>true</Up>
        </Direction>
        <Direction>
          <Left>true</Left>
          <Up>true</Up>
          <Down>true</Down>
        </Direction>
      </Directions>
      <AbilitySpan>
        <Span>1</Span>
        <Span>1</Span>
        <Span>1</Span>
        <Span>1</Span>
      </AbilitySpan>
      <Costs>
        <Cost>10</Cost>
        <Cost>10</Cost>
        <Cost>10</Cost>
        <Cost>15</Cost>
      </Costs>
    </AbilityRow>
    <AbilityRow>
      <Abilities>
        <Key>PROTUNLMAGNITUDE</Key>
        <Key>PROTUNLSTRENGTH</Key>
        <Key>PROTUNLSTRENGTH</Key>
        <Key>PROTUNLDURATION</Key>
      </Abilities>
      <Directions>
        <Direction>
          <Up>true</Up>
          <Down>true</Down>
        </Direction>
        <Direction>
          <Right>true</Right>
          <Up>true</Up>
        </Direction>
        <Direction>
          <Left>true</Left>
          <Up>true</Up>
        </Direction>
        <Direction>
          <Up>true</Up>
          <Down>true</Down>
        </Direction>
      </Directions>
      <AbilitySpan>
        <Span>1</Span>
        <Span>1</Span>
        <Span>1</Span>
        <Span>1</Span>
      </AbilitySpan>
      <Costs>
        <Cost>20</Cost>
        <Cost>15</Cost>
        <Cost>20</Cost>
        <Cost>15</Cost>
      </Costs>
    </AbilityRow>
    <AbilityRow>
      <Abilities>
        <Key>PROTUNLCONTROL3</Key>
        <Key>PROTUNLCONTROL3</Key>
        <Key>PROTUNLMASTERY</Key>
        <Key>PROTUNLMASTERY</Key>
      </Abilities>
      <Directions>
        <Direction>
          <Up>true</Up>
        </Direction>
        <Direction />
        <Direction />
        <Direction>
          <Up>true</Up>
        </Direction>
      </Directions>
      <AbilitySpan>
        <Span>2</Span>
        <Span>0</Span>
        <Span>2</Span>
        <Span>0</Span>
      </AbilitySpan>
      <Costs>
        <Cost>25</Cost>
        <Cost>0</Cost>
        <Cost>25</Cost>
        <Cost>0</Cost>
      </Costs>
    </AbilityRow>
  </AbilityRows>
  <MinForceRating>3</MinForceRating>
</ForcePower>