<?xml version="1.0"?>
<ForcePower xmlns:xsi="http://www.w3.org/2001/XMLSchema-instance" xmlns:xsd="http://www.w3.org/2001/XMLSchema">
  <Key>SUPPRESS</Key>
  <Name>Suppress</Name>
  <Description>
  [H4]Force Power: Suppress[h4]
[P]By feeling the flow of the Force and seizing hostile currents in a mental grip, a Force sensitive can directly grapple with supernatural attacks, preventing harm and shielding allies from their strikes. Masters of this ability can even negate Force-based attacks completely, shrugging off gouts of supernatural energy or shattering mental assaults with strength of will and the power of the Force.
[P]Some Force users punctuate this mental defense with physical motions or even weave it into their fighting style, while others stand perfectly still amid the chaos, twisting invisible currents with their minds to keep those around them safe from malign powers. By projecting force of will outward, the Force user can diminish the effects of enemies' Force powers or even cause their Force-based attacks to sputter out entirely before they strike.
[P]The basic power of Suppress can be used in one way: to create a protective bubble around the Force user that dampens the effects of other Force powers meant to harm the user and nearby allies. The basic power has one way to spend force points:
[P]The user may spend [FP] to extend a dampening field around himself that shields him and all allies in short range. Until the end of the user's next turn, any hostile Force user who makes a skill check as part of a Force power check against the user or any affected ally adds automatic [FA] to the results. The user may not activate this multiple times.
</Description>
  <Source>Keeping the Peace</Source>
  <Custom>DescOnly</Custom>
  <AbilityRows>
    <AbilityRow>
      <Abilities>
        <Key>SUPPRESSBASIC</Key>
        <Key>SUPPRESSBASIC</Key>
        <Key>SUPPRESSBASIC</Key>
        <Key>SUPPRESSBASIC</Key>
      </Abilities>
      <Directions>
        <Direction />
        <Direction />
        <Direction>
          <Down>true</Down>
        </Direction>
        <Direction />
      </Directions>
      <AbilitySpan>
        <Span>4</Span>
        <Span>0</Span>
        <Span>0</Span>
        <Span>0</Span>
      </AbilitySpan>
      <Costs>
        <Cost>10</Cost>
        <Cost>0</Cost>
        <Cost>0</Cost>
        <Cost>0</Cost>
      </Costs>
    </AbilityRow>
    <AbilityRow>
      <Abilities>
        <Key>SUPPRESSSTRENGTH</Key>
        <Key>SUPPRESSSTRENGTH</Key>
        <Key>SUPPRESSDURATION</Key>
        <Key>SUPPRESSRANGE</Key>
      </Abilities>
      <Directions>
        <Direction>
          <Right>true</Right>
          <Down>true</Down>
        </Direction>
        <Direction>
          <Left>true</Left>
          <Right>true</Right>
        </Direction>
        <Direction>
          <Left>true</Left>
          <Right>true</Right>
          <Up>true</Up>
          <Down>true</Down>
        </Direction>
        <Direction>
          <Left>true</Left>
        </Direction>
      </Directions>
      <AbilitySpan>
        <Span>2</Span>
        <Span>0</Span>
        <Span>1</Span>
        <Span>1</Span>
      </AbilitySpan>
      <Costs>
        <Cost>5</Cost>
        <Cost>0</Cost>
        <Cost>5</Cost>
        <Cost>5</Cost>
      </Costs>
    </AbilityRow>
    <AbilityRow>
      <Abilities>
        <Key>SUPPRESSCONTROL1</Key>
        <Key>SUPPRESSCONTROL1</Key>
        <Key>SUPPRESSCONTROL1</Key>
        <Key>SUPPRESSRANGE</Key>
      </Abilities>
      <Directions>
        <Direction>
          <Right>true</Right>
          <Up>true</Up>
          <Down>true</Down>
        </Direction>
        <Direction>
          <Left>true</Left>
          <Right>true</Right>
        </Direction>
        <Direction>
          <Left>true</Left>
          <Right>true</Right>
          <Up>true</Up>
          <Down>true</Down>
        </Direction>
        <Direction>
          <Left>true</Left>
        </Direction>
      </Directions>
      <AbilitySpan>
        <Span>3</Span>
        <Span>0</Span>
        <Span>0</Span>
        <Span>1</Span>
      </AbilitySpan>
      <Costs>
        <Cost>10</Cost>
        <Cost>0</Cost>
        <Cost>0</Cost>
        <Cost>5</Cost>
      </Costs>
    </AbilityRow>
    <AbilityRow>
      <Abilities>
        <Key>SUPPRESSSTRENGTH</Key>
        <Key>SUPPRESSSTRENGTH</Key>
        <Key>SUPPRESSCONTROL2</Key>
        <Key>SUPPRESSRANGE</Key>
      </Abilities>
      <Directions>
        <Direction>
          <Up>true</Up>
          <Down>true</Down>
        </Direction>
        <Direction />
        <Direction>
          <Right>true</Right>
          <Up>true</Up>
          <Down>true</Down>
        </Direction>
        <Direction>
          <Left>true</Left>
        </Direction>
      </Directions>
      <AbilitySpan>
        <Span>2</Span>
        <Span>0</Span>
        <Span>1</Span>
        <Span>1</Span>
      </AbilitySpan>
      <Costs>
        <Cost>10</Cost>
        <Cost>0</Cost>
        <Cost>10</Cost>
        <Cost>5</Cost>
      </Costs>
    </AbilityRow>
    <AbilityRow>
      <Abilities>
        <Key>SUPPRESSMASTERY</Key>
        <Key>SUPPRESSMASTERY</Key>
        <Key>SUPPRESSCONTROL3</Key>
        <Key>SUPPRESSCONTROL3</Key>
      </Abilities>
      <Directions>
        <Direction>
          <Up>true</Up>
        </Direction>
        <Direction />
        <Direction>
          <Up>true</Up>
        </Direction>
        <Direction />
      </Directions>
      <AbilitySpan>
        <Span>2</Span>
        <Span>0</Span>
        <Span>2</Span>
        <Span>0</Span>
      </AbilitySpan>
      <Costs>
        <Cost>20</Cost>
        <Cost>0</Cost>
        <Cost>15</Cost>
        <Cost>0</Cost>
      </Costs>
    </AbilityRow>
  </AbilityRows>
</ForcePower>