<?xml version="1.0"?>
<Career xmlns:xsi="http://www.w3.org/2001/XMLSchema-instance" xmlns:xsd="http://www.w3.org/2001/XMLSchema">
  <Key>ENGINEER</Key>
  <Name>Engineer</Name>
  <Description>
    [H4]Engineer[h4]

An Engineer's eight career skills are [B]Athletics, Computers, Knowledge (Education), Mechanics, Perception, Piloting (Space), Ranged (Light),[b] and [b]Vigilance[b]. The Engineer automatically gains a rank in four of these skills without spending experience, and gains a discount on increasing them with future experience points. 

[P][H4]AN ENGINEER'S ROLE[h4] 

[P]There would be no Galactic Civil War if not for the massive technological capabilities of both the Empire and the Alliance. Machines of every size and weapons of every type are employed across great distances to hammer away at the enemy. These machines are imagined, designed, and built by Engineers, and Engineers are the ones who know how to keep them running—or to stop them cold. 

[P]Engineers speak the languages of computers, engines, and electrical conduits (they should, since they invented them). Most engineers prefer working with technology over people, especially in light of how chaotic the latter are. While some Engineers are fully (and eagerly) aware of the massive destruction their creations are capable of, most are merely fascinated with the challenge of creating something new, or fixing something thought beyond repair. Some focus their attentions on disrupting the machines of others, pitting their knowledge and talents against those of rivals working for the opposition. 

[P]Whether at the design table, in the hangar bay, or scurrying towards an access panel with explosives in hand, Engineers are a vital part of the Alliance's war effort. They bring the Rebellion new weapons to fight with, keep its machines in service, and deliver devastating setbacks to the Empire's continuing agenda to craft superweapons of mass destruction.</Description>
  <Source Page="82">Age of Rebellion Core Rulebook</Source>
  <Custom>DescOnly</Custom>
  <CareerSkills>
    <Key>ATHL</Key>
    <Key>COMP</Key>
    <Key>EDU</Key>
    <Key>MECH</Key>
    <Key>PERC</Key>
    <Key>PILOTSP</Key>
    <Key>RANGLT</Key>
    <Key>VIGIL</Key>
  </CareerSkills>
  <Specializations>
    <Key>DROIDSPEC</Key>
    <Key>MECHANIC</Key>
    <Key>SABOTEUR</Key>
    <Key>SAPPER</Key>
    <Key>SCIENTIST</Key>
    <Key>SHIPWRIGHT</Key>
  </Specializations>
  <Attributes />
  <FreeRanks>4</FreeRanks>
</Career>