<?xml version="1.0"?>
<SigAbility xmlns:xsi="http://www.w3.org/2001/XMLSchema-instance" xmlns:xsd="http://www.w3.org/2001/XMLSchema">
  <Key>COUNTERESPIONAGE</Key>
  <Name>Counterespionage</Name>
  <Description>Spies know foiling the plots of enemy agents is always paramount, and devote much preparation to thwarting these schemes. This might be done via hiding weapons in a meeting place, ensuring "innocent bystanders" are in fact armed backup, or other cunning and clever ploys. The more agents are aware of their opposite numbers and enemy tactics, the better they can achieve their goals. Counterespionage ideally leads to the grand prize: turning an enemy into a valuable double agent.</Description>
  <Source Page="34">Cyphers and Masks</Source>
  <Custom>DescOnly</Custom>
  <AbilityRows>
    <AbilityRow>
      <Abilities>
        <Key>COUNTERESPIONAGEBASE</Key>
        <Key>COUNTERESPIONAGEBOOST</Key>
        <Key>COUNTERESPIONAGEBOOST</Key>
        <Key>COUNTERESPIONAGEBOOST</Key>
      </Abilities>
      <Directions>
        <Direction>
          <Down>true</Down>
        </Direction>
        <Direction>
          <Down>true</Down>
        </Direction>
        <Direction>
          <Down>true</Down>
        </Direction>
        <Direction>
          <Down>true</Down>
        </Direction>
      </Directions>
      <AbilitySpan>
        <Span>4</Span>
        <Span>0</Span>
        <Span>0</Span>
        <Span>0</Span>
        <Span>4</Span>
        <Span>0</Span>
        <Span>0</Span>
        <Span>0</Span>
        <Span>4</Span>
        <Span>0</Span>
        <Span>0</Span>
        <Span>0</Span>
        <Span>4</Span>
        <Span>0</Span>
        <Span>0</Span>
        <Span>0</Span>
      </AbilitySpan>
      <Costs>
        <Cost>30</Cost>
        <Cost>0</Cost>
        <Cost>0</Cost>
        <Cost>0</Cost>
        <Cost>30</Cost>
        <Cost>0</Cost>
        <Cost>0</Cost>
        <Cost>0</Cost>
        <Cost>30</Cost>
        <Cost>0</Cost>
        <Cost>0</Cost>
        <Cost>0</Cost>
        <Cost>30</Cost>
        <Cost>0</Cost>
        <Cost>0</Cost>
        <Cost>0</Cost>
      </Costs>
    </AbilityRow>
    <AbilityRow>
      <Abilities>
        <Key>COUNTERESPIONAGEBOOST</Key>
        <Key>COUNTERESPIONAGECHARM</Key>
        <Key>COUNTERESPIONAGESETBACK</Key>
        <Key>COUNTERESPIONAGENEGOTIATION</Key>
      </Abilities>
      <Directions>
        <Direction>
          <Up>true</Up>
        </Direction>
        <Direction>
          <Up>true</Up>
          <Down>true</Down>
        </Direction>
        <Direction>
          <Up>true</Up>
          <Down>true</Down>
        </Direction>
        <Direction>
          <Up>true</Up>
        </Direction>
      </Directions>
      <AbilitySpan>
        <Span>1</Span>
        <Span>1</Span>
        <Span>1</Span>
        <Span>1</Span>
      </AbilitySpan>
      <Costs>
        <Cost>10</Cost>
        <Cost>10</Cost>
        <Cost>10</Cost>
        <Cost>10</Cost>
      </Costs>
    </AbilityRow>
    <AbilityRow>
      <Abilities>
        <Key>COUNTERESPIONAGEDESTINY</Key>
        <Key>COUNTERESPIONAGESETBACK</Key>
        <Key>COUNTERESPIONAGEBOOST</Key>
        <Key>COUNTERESPIONAGETURN</Key>
      </Abilities>
      <Directions>
        <Direction>
          <Right>true</Right>
        </Direction>
        <Direction>
          <Left>true</Left>
          <Right>true</Right>
          <Up>true</Up>
        </Direction>
        <Direction>
          <Left>true</Left>
          <Right>true</Right>
          <Up>true</Up>
        </Direction>
        <Direction>
          <Left>true</Left>
        </Direction>
      </Directions>
      <AbilitySpan>
        <Span>1</Span>
        <Span>1</Span>
        <Span>1</Span>
        <Span>1</Span>
      </AbilitySpan>
      <Costs>
        <Cost>15</Cost>
        <Cost>15</Cost>
        <Cost>15</Cost>
        <Cost>15</Cost>
      </Costs>
    </AbilityRow>
  </AbilityRows>
  <Careers>
    <Key>SPY</Key>
  </Careers>
  <MatchingNodes>
    <Node>false</Node>
    <Node>true</Node>
    <Node>true</Node>
    <Node>false</Node>
  </MatchingNodes>
</SigAbility>