<?xml version="1.0"?>
<SigAbility xmlns:xsi="http://www.w3.org/2001/XMLSchema-instance" xmlns:xsd="http://www.w3.org/2001/XMLSchema">
  <Key>FATDUEL</Key>
  <Name>Fated Duel</Name>
  <Description>Many of the most iconic scenes in stories of heroism and sacrifice begin with two combatants drawing (or igniting) their blades to fight a duel to the death. This signature ability allows a guardian to force a single foe into a duel, preventing both participants from attacking others for several rounds. Guardians can use this signature ability to give allies a chance to recover and regroup, and to distract a powerful foe while comrades clear out weaker enemies, or even to stave off a single deadly combatant while allies make their escape. [P]Characters who have  mastered this signature ability can provide substantial boons to their allies while they fight the duel, giving them the best chance to complete important tasks without interruption. Of course, any use of this signature ability represents a considerable risk on the part of the Guardian, for it means bearing the entire burden of fighting a particular foe, if only for a short time. Such duels have been the finest moments of many Guardians, but also their last.</Description>
  <Source>Keeping the Peace</Source>
  <Custom>DescOnly</Custom>
  <AbilityRows>
    <AbilityRow>
      <Abilities>
        <Key>FATDUELBASIC</Key>
        <Key>FATDUELBASIC</Key>
        <Key>FATDUELBASIC</Key>
        <Key>FATDUELBASIC</Key>
      </Abilities>
      <Directions>
        <Direction />
        <Direction>
          <Down>true</Down>
        </Direction>
        <Direction>
          <Down>true</Down>
        </Direction>
        <Direction />
      </Directions>
      <AbilitySpan>
        <Span>4</Span>
        <Span>0</Span>
        <Span>0</Span>
        <Span>0</Span>
        <Span>4</Span>
        <Span>0</Span>
        <Span>0</Span>
        <Span>0</Span>
        <Span>4</Span>
        <Span>0</Span>
        <Span>0</Span>
        <Span>0</Span>
        <Span>4</Span>
        <Span>0</Span>
        <Span>0</Span>
        <Span>0</Span>
      </AbilitySpan>
      <Costs>
        <Cost>30</Cost>
        <Cost>0</Cost>
        <Cost>0</Cost>
        <Cost>0</Cost>
        <Cost>30</Cost>
        <Cost>0</Cost>
        <Cost>0</Cost>
        <Cost>0</Cost>
        <Cost>30</Cost>
        <Cost>0</Cost>
        <Cost>0</Cost>
        <Cost>0</Cost>
        <Cost>30</Cost>
        <Cost>0</Cost>
        <Cost>0</Cost>
        <Cost>0</Cost>
      </Costs>
    </AbilityRow>
    <AbilityRow>
      <Abilities>
        <Key>FATDUELREDUCEDIFF</Key>
        <Key>FATDUELINSPIRE</Key>
        <Key>FATDUELDURATION</Key>
        <Key>FATDUELSTANDFIRM</Key>
      </Abilities>
      <Directions>
        <Direction>
          <Right>true</Right>
          <Down>true</Down>
        </Direction>
        <Direction>
          <Left>true</Left>
          <Up>true</Up>
          <Down>true</Down>
        </Direction>
        <Direction>
          <Right>true</Right>
          <Up>true</Up>
          <Down>true</Down>
        </Direction>
        <Direction>
          <Left>true</Left>
          <Down>true</Down>
        </Direction>
      </Directions>
      <AbilitySpan>
        <Span>1</Span>
        <Span>1</Span>
        <Span>1</Span>
        <Span>1</Span>
      </AbilitySpan>
      <Costs>
        <Cost>10</Cost>
        <Cost>10</Cost>
        <Cost>10</Cost>
        <Cost>10</Cost>
      </Costs>
    </AbilityRow>
    <AbilityRow>
      <Abilities>
        <Key>FATDUELSTANDFIRM</Key>
        <Key>FATDUELDURATION</Key>
        <Key>FATDUELINSPIRE</Key>
        <Key>FATDUELBALANCE</Key>
      </Abilities>
      <Directions>
        <Direction>
          <Up>true</Up>
        </Direction>
        <Direction>
          <Right>true</Right>
          <Up>true</Up>
        </Direction>
        <Direction>
          <Left>true</Left>
          <Right>true</Right>
          <Up>true</Up>
        </Direction>
        <Direction>
          <Left>true</Left>
          <Up>true</Up>
        </Direction>
      </Directions>
      <AbilitySpan>
        <Span>1</Span>
        <Span>1</Span>
        <Span>1</Span>
        <Span>1</Span>
      </AbilitySpan>
      <Costs>
        <Cost>15</Cost>
        <Cost>15</Cost>
        <Cost>15</Cost>
        <Cost>15</Cost>
      </Costs>
    </AbilityRow>
  </AbilityRows>
  <Careers>
    <Key>GUARD</Key>
  </Careers>
  <MatchingNodes>
    <Node>true</Node>
    <Node>false</Node>
    <Node>false</Node>
    <Node>true</Node>
  </MatchingNodes>
</SigAbility>