<?xml version="1.0"?>
<SigAbility xmlns:xsi="http://www.w3.org/2001/XMLSchema-instance" xmlns:xsd="http://www.w3.org/2001/XMLSchema">
  <Key>UNMATCHEDVIGILANCE</Key>
  <Name>Unmatched Vigilance</Name>
  <Description>Once per game session at the beginning of a structured encounter, the character may spend 2 Destiny Points. If he does so, he determines the Initiative order of the first round fo the encounter. Characters still make checks to determine Initiative, but these results will only apply after Unmatched Vigiliance's effects end.</Description>
  <Source Page="35">Endless Vigil</Source>
  <Custom>DescOnly</Custom>
  <AbilityRows>
    <AbilityRow>
      <Abilities>
        <Key>UNMATCHEDVIGILANCEBASIC</Key>
        <Key>UNMATCHEDVIGILANCEALWAYSALERT</Key>
        <Key>UNMATCHEDVIGILANCEALWAYSALERT</Key>
        <Key>UNMATCHEDVIGILANCEALWAYSALERT</Key>
      </Abilities>
      <Directions>
        <Direction />
        <Direction>
          <Down>true</Down>
        </Direction>
        <Direction>
          <Down>true</Down>
        </Direction>
        <Direction />
      </Directions>
      <AbilitySpan>
        <Span>4</Span>
        <Span>0</Span>
        <Span>0</Span>
        <Span>0</Span>
        <Span>4</Span>
        <Span>0</Span>
        <Span>0</Span>
        <Span>0</Span>
        <Span>4</Span>
        <Span>0</Span>
        <Span>0</Span>
        <Span>0</Span>
        <Span>4</Span>
        <Span>0</Span>
        <Span>0</Span>
        <Span>0</Span>
      </AbilitySpan>
      <Costs>
        <Cost>30</Cost>
        <Cost>0</Cost>
        <Cost>0</Cost>
        <Cost>0</Cost>
        <Cost>30</Cost>
        <Cost>0</Cost>
        <Cost>0</Cost>
        <Cost>0</Cost>
        <Cost>30</Cost>
        <Cost>0</Cost>
        <Cost>0</Cost>
        <Cost>0</Cost>
        <Cost>30</Cost>
        <Cost>0</Cost>
        <Cost>0</Cost>
        <Cost>0</Cost>
      </Costs>
    </AbilityRow>
    <AbilityRow>
      <Abilities>
        <Key>UNMATCHEDVIGILANCEALWAYSALERT</Key>
        <Key>UNMATCHEDVIGILANCEGROUPVIGILANCE</Key>
        <Key>UNMATCHEDVIGILANCEGROUPPREPARATION</Key>
        <Key>UNMATCHEDVIGILANCEDURATION</Key>
      </Abilities>
      <Directions>
        <Direction>
          <Right>true</Right>
          <Down>true</Down>
        </Direction>
        <Direction>
          <Left>true</Left>
          <Up>true</Up>
        </Direction>
        <Direction>
          <Right>true</Right>
          <Up>true</Up>
        </Direction>
        <Direction>
          <Left>true</Left>
          <Down>true</Down>
        </Direction>
      </Directions>
      <AbilitySpan>
        <Span>1</Span>
        <Span>1</Span>
        <Span>1</Span>
        <Span>1</Span>
      </AbilitySpan>
      <Costs>
        <Cost>10</Cost>
        <Cost>10</Cost>
        <Cost>10</Cost>
        <Cost>10</Cost>
      </Costs>
    </AbilityRow>
    <AbilityRow>
      <Abilities>
        <Key>UNMATCHEDVIGILANCEDURATION</Key>
        <Key>UNMATCHEDVIGILANCECOMBATPREPARATION</Key>
        <Key>UNMATCHEDVIGILANCECOMBATREADINESS</Key>
        <Key>UNMATCHEDVIGILANCEDESTINY</Key>
      </Abilities>
      <Directions>
        <Direction>
          <Right>true</Right>
          <Up>true</Up>
        </Direction>
        <Direction>
          <Left>true</Left>
          <Right>true</Right>
        </Direction>
        <Direction>
          <Left>true</Left>
          <Right>true</Right>
        </Direction>
        <Direction>
          <Left>true</Left>
          <Up>true</Up>
        </Direction>
      </Directions>
      <AbilitySpan>
        <Span>1</Span>
        <Span>1</Span>
        <Span>1</Span>
        <Span>1</Span>
      </AbilitySpan>
      <Costs>
        <Cost>15</Cost>
        <Cost>15</Cost>
        <Cost>15</Cost>
        <Cost>15</Cost>
      </Costs>
    </AbilityRow>
  </AbilityRows>
  <Careers>
    <Key>SENTINEL</Key>
  </Careers>
  <MatchingNodes>
    <Node>true</Node>
    <Node>true</Node>
    <Node>false</Node>
    <Node>false</Node>
  </MatchingNodes>
</SigAbility>