<?xml version="1.0"?>
<Vehicle xmlns:xsi="http://www.w3.org/2001/XMLSchema-instance" xmlns:xsd="http://www.w3.org/2001/XMLSchema">
  <Key>AIRSPEEDER</Key>
  <Name>Airspeeder</Name>
  <Description>
      [H3]Airspeeder[h3]

Small civilian airspeeders are commonly used for pleasure or sport, or transporting cargo and passengers. Civilian models such as these are rarely armed or armored. This profile represents a generic airspeeder.</Description>
  <Sources>
    <Source>Edge of the Empire Core Rulebook</Source>
    <Source>Force and Destiny Core Rulebook</Source>
  </Sources>
  <Custom>DescOnly</Custom>
  <Type>Airspeeder</Type>
  <Categories>
    <Category>Air Vehicle</Category>
  </Categories>
  <HP>1</HP>
  <Price>10000</Price>
  <Rarity>3</Rarity>
  <MaxAltitude>300 kilometers</MaxAltitude>
  <Crew>One Pilot</Crew>
  <EncumbranceCapacity>30</EncumbranceCapacity>
  <Passengers>6</Passengers>
  <Consumables>None</Consumables>
  <Silhouette>2</Silhouette>
  <Speed>3</Speed>
  <HullTrauma>5</HullTrauma>
  <SystemStrain>5</SystemStrain>
  <SinglePilot>true</SinglePilot>
  <SensorRange>Close</SensorRange>
</Vehicle>