<?xml version="1.0"?>
<Vehicle xmlns:xsi="http://www.w3.org/2001/XMLSchema-instance" xmlns:xsd="http://www.w3.org/2001/XMLSchema">
  <Key>ALPHAXG1</Key>
  <Name>Alpha-Class XG-1 "Star Wing" Assault Gunboat</Name>
  <Description>[H3]Alpha-Class XG-1 "Star Wing" Assault Gunboat[h3]

Designed by Cygnus Spaceworks, the Alpha-class Xg-1 assault gunboat is a multipurpose starfighter, excelling at space and planetary attack, interdiction, and long-range reconnaissance and patrol. Unlike the more common TIE series, the Alpha-class is equipped with heavy armor, deflector shields, and hyperdrives, though these come at the cost of speed and maneuverability, making it a less than stellar dogfighter. Heavily armed, the Star Wing is more than a match for most threats, disabling them with its ion cannons to allow for boarding actions or blasting them out of space with its lasers and concussion missiles. While used primarily by the Imperial Navy, Star Wings have begun to be employed by Imperial Customs and some planetary defense forces.</Description>
  <Source>Fly Casual</Source>
  <Custom>DescOnly</Custom>
  <Type>Starfighter</Type>
  <Categories>
    <Category>Starship</Category>
  </Categories>
  <HP>2</HP>
  <Price>135000</Price>
  <Rarity>7</Rarity>
  <Restricted>true</Restricted>
  <HyperdrivePrimary>3</HyperdrivePrimary>
  <NaviComputer>true</NaviComputer>
  <Crew>One pilot</Crew>
  <EncumbranceCapacity>8</EncumbranceCapacity>
  <Consumables>Three days</Consumables>
  <Silhouette>3</Silhouette>
  <Speed>4</Speed>
  <Handling>-2</Handling>
  <DefFore>1</DefFore>
  <DefAft>1</DefAft>
  <Armor>3</Armor>
  <HullTrauma>12</HullTrauma>
  <SystemStrain>8</SystemStrain>
  <Starship>true</Starship>
  <SinglePilot>true</SinglePilot>
  <VehicleWeapons>
    <VehicleWeapon>
      <FiringArcs>
        <Fore>true</Fore>
      </FiringArcs>
      <Location>Forward</Location>
      <Qualities>
        <Quality>
          <Key>LINKED</Key>
          <Count>1</Count>
        </Quality>
      </Qualities>
      <Key>LASERMED</Key>
    </VehicleWeapon>
    <VehicleWeapon>
      <FiringArcs>
        <Fore>true</Fore>
      </FiringArcs>
      <Location>Forward</Location>
      <Qualities>
        <Quality>
          <Key>LINKED</Key>
          <Count>1</Count>
        </Quality>
      </Qualities>
      <Key>IONLT</Key>
    </VehicleWeapon>
    <VehicleWeapon>
      <FiringArcs>
        <Fore>true</Fore>
      </FiringArcs>
      <Location>Forward</Location>
      <Qualities>
        <Quality>
          <Key>BLAST</Key>
          <Count>4</Count>
        </Quality>
        <Quality>
          <Key>BREACH</Key>
          <Count>4</Count>
        </Quality>
        <Quality>
          <Key>GUIDED</Key>
          <Count>1</Count>
        </Quality>
        <Quality>
          <Key>LIMITEDAMMO</Key>
          <Count>16</Count>
        </Quality>
        <Quality>
          <Key>LINKED</Key>
          <Count>1</Count>
        </Quality>
        <Quality>
          <Key>SLOWFIRING</Key>
          <Count>1</Count>
        </Quality>
      </Qualities>
      <Key>CML</Key>
    </VehicleWeapon>
  </VehicleWeapons>
  <SensorRange>Close</SensorRange>
</Vehicle>