<?xml version="1.0"?>
<Vehicle xmlns:xsi="http://www.w3.org/2001/XMLSchema-instance" xmlns:xsd="http://www.w3.org/2001/XMLSchema">
  <Key>ARMOSMODULAR</Key>
  <Name>Armos Modular Transport</Name>
  <Description>[H3]Armos Modular Transport[h3]

The Armos Modular Transport has made inroads in the Outer Rim transport market due to its wide array of customization options. Their blunt, wedged-shaped hulls stretch aft to connect to a vertical trio of powerful engines. The keels taper to a point, while expanding outwards on higher decks to provide room for cargo and passengers. SoroSuub designed each deck to be modular, allowing the ship's crew to retrofit it to transport cargo, move passengers, serve as a tanker vessel, or even carry livestock. In addition, SoroSuub equipped the Armos with reasonably powerful engines, a decent hyperdrive, and potent multi-band scanners. Combined with the modular layout, the company provided clients with a ship that can be retrofitted for almost any need.</Description>
  <Source>Far Horizons</Source>
  <Custom>DescOnly</Custom>
  <Type>Transport</Type>
  <Categories>
    <Category>Non-Fighter Starship</Category>
    <Category>Starship</Category>
  </Categories>
  <HP>4</HP>
  <Price>780000</Price>
  <Rarity>8</Rarity>
  <HyperdrivePrimary>2</HyperdrivePrimary>
  <HyperdriveBackup>15</HyperdriveBackup>
  <NaviComputer>true</NaviComputer>
  <Crew>150 officers and crew</Crew>
  <EncumbranceCapacity>10000</EncumbranceCapacity>
  <Passengers>1000</Passengers>
  <Consumables>Four months</Consumables>
  <Silhouette>6</Silhouette>
  <Speed>2</Speed>
  <Handling>-2</Handling>
  <DefFore>2</DefFore>
  <DefAft>1</DefAft>
  <DefPort>1</DefPort>
  <DefStarboard>1</DefStarboard>
  <Armor>4</Armor>
  <HullTrauma>65</HullTrauma>
  <SystemStrain>45</SystemStrain>
  <Starship>true</Starship>
  <SensorRange>Close</SensorRange>
</Vehicle>