<?xml version="1.0"?>
<Vehicle xmlns:xsi="http://www.w3.org/2001/XMLSchema-instance" xmlns:xsd="http://www.w3.org/2001/XMLSchema">
  <Key>BRAHATOK</Key>
  <Name>Braha'tok-class Gunship</Name>
  <Description>[H3][I]Braha'tok[i]-class Gunship[h3]
Straddling the line between corvette and gunboat, the [I]Braha'tok[i]-class gunship is a recent addition to the Rebel Alliance's fleet. Smaller than a Corellian Engineering Corporation CR90 corvette, these vessels were designed by the Dorneans as dedicated anti-starfighter platforms. When Dornea joined the Rebel Alliance in the wake of the Battle of Yavin, they brought a number of these potent little ships with them, and they have made quite an impression on Alliance Navy brass. Typically deployed in pairs, [I]Braha'tok[i]-class ships are an absolute terror to small craft and can even present a danger to smaller capital ships. They can easily handle large swarms of TIE-series fighters, and the Imperial Navy has come to grudgingly respect their capabilities.
[P][I]Braha'tok[i]-class ships are narrow, strangely proportioned vessels with a passing resemblance to the CR90 corvette. Extremely heavily armed for vessels of their size. they have a standard loadout that is a mix of concussion missiles, proton torpedoes, and accurate quad laser cannons. They also mount a pair of twin light turbolasers for anti-ship combat, although given their light armor and relatively poor handling, they are not cut out for extended firefights with large vessels. While their armor protection leaves much to be desired, their hulls are extremely durable, and they are fitted with powerful, quick-cycling shield generators to protect them from rapid-fire starfighter weapons.</Description>
  <Source Page="61">Knights of Fate</Source>
  <Custom>DescOnly</Custom>
  <Type>Corvette</Type>
  <Categories>
    <Category>Capital Ship</Category>
    <Category>Non-Fighter Starship</Category>
    <Category>Starship</Category>
  </Categories>
  <HP>3</HP>
  <Price>1400000</Price>
  <Rarity>6</Rarity>
  <Restricted>true</Restricted>
  <HyperdrivePrimary>3</HyperdrivePrimary>
  <HyperdriveBackup>15</HyperdriveBackup>
  <StarFighters>2 mounted to ventral hull.</StarFighters>
  <NaviComputer>true</NaviComputer>
  <SensorRangeValue>srLong</SensorRangeValue>
  <Crew>70 officers and enlisted crew.</Crew>
  <EncumbranceCapacity>300</EncumbranceCapacity>
  <Passengers>15</Passengers>
  <Consumables>Eight months.</Consumables>
  <Silhouette>5</Silhouette>
  <Speed>3</Speed>
  <Handling>-1</Handling>
  <DefFore>2</DefFore>
  <DefAft>1</DefAft>
  <DefPort>1</DefPort>
  <DefStarboard>1</DefStarboard>
  <Armor>4</Armor>
  <HullTrauma>46</HullTrauma>
  <SystemStrain>25</SystemStrain>
  <Starship>true</Starship>
  <VehicleWeapons>
    <VehicleWeapon>
      <FiringArcs>
        <Fore>true</Fore>
      </FiringArcs>
      <Location>Forward</Location>
      <Key>PTL</Key>
      <Count>2</Count>
    </VehicleWeapon>
    <VehicleWeapon>
      <FiringArcs>
        <Fore>true</Fore>
      </FiringArcs>
      <Location>Forward</Location>
      <Key>CML</Key>
      <Count>4</Count>
    </VehicleWeapon>
    <VehicleWeapon>
      <FiringArcs>
        <Fore>true</Fore>
      </FiringArcs>
      <Location>Port</Location>
      <Qualities>
        <Quality>
          <Key>LINKED</Key>
          <Count>1</Count>
        </Quality>
      </Qualities>
      <Key>TURBOLT</Key>
    </VehicleWeapon>
    <VehicleWeapon>
      <FiringArcs>
        <Fore>true</Fore>
      </FiringArcs>
      <Location>Starboard</Location>
      <Qualities>
        <Quality>
          <Key>LINKED</Key>
          <Count>1</Count>
        </Quality>
      </Qualities>
      <Key>TURBOLT</Key>
    </VehicleWeapon>
    <VehicleWeapon>
      <FiringArcs>
        <Fore>true</Fore>
        <Aft>true</Aft>
        <Port>true</Port>
        <Starboard>true</Starboard>
        <Dorsal>true</Dorsal>
        <Ventral>true</Ventral>
      </FiringArcs>
      <Turret>true</Turret>
      <Location>Dorsal</Location>
      <Key>LASERQUAD</Key>
      <Count>4</Count>
    </VehicleWeapon>
    <VehicleWeapon>
      <FiringArcs>
        <Fore>true</Fore>
        <Aft>true</Aft>
        <Port>true</Port>
        <Starboard>true</Starboard>
        <Dorsal>true</Dorsal>
        <Ventral>true</Ventral>
      </FiringArcs>
      <Turret>true</Turret>
      <Location>Ventral</Location>
      <Key>LASERQUAD</Key>
      <Count>4</Count>
    </VehicleWeapon>
  </VehicleWeapons>
  <SensorRange>Long</SensorRange>
</Vehicle>