<?xml version="1.0"?>
<Vehicle xmlns:xsi="http://www.w3.org/2001/XMLSchema-instance" xmlns:xsd="http://www.w3.org/2001/XMLSchema">
  <Key>CB7INTCEPTOR</Key>
  <Name>C-B7 "Interceptor"</Name>
  <Description>[H3]Arlen-Dempler C-B7 "Interceptor"[h3]
Please see page 61 of the Cyphers and Masks Sourcebook for details.</Description>
  <Source Page="61">Cyphers and Masks</Source>
  <Type>Landspeeder</Type>
  <Categories>
    <Category>Land Vehicle</Category>
  </Categories>
  <HP>5</HP>
  <Price>21500</Price>
  <Rarity>5</Rarity>
  <MaxAltitude>2 meters</MaxAltitude>
  <Crew>One pilot</Crew>
  <EncumbranceCapacity>10</EncumbranceCapacity>
  <Passengers>4</Passengers>
  <Silhouette>2</Silhouette>
  <Speed>4</Speed>
  <Handling>2</Handling>
  <Armor>1</Armor>
  <HullTrauma>4</HullTrauma>
  <SystemStrain>8</SystemStrain>
  <SinglePilot>true</SinglePilot>
  <SensorRange>Close</SensorRange>
</Vehicle>