<?xml version="1.0"?>
<Vehicle xmlns:xsi="http://www.w3.org/2001/XMLSchema-instance" xmlns:xsd="http://www.w3.org/2001/XMLSchema">
  <Key>AIRSPEEDCAV11</Key>
  <Name>CAV-11 "Condor" Airspeeder</Name>
  <Description>
    [H3]CAV-11 "Condor" Airspeeder[h3]

A moderately well-armed, well-armored airspeeder, the CAV-11 "Condor" is an airspeeder intended for military and paramilitary forces as a scout and patrol craft. CorSec makes extensive use of the Condor to patrol Corellia and intercept smugglers. Armed with a pair of twin linked Ap/11 laser cannons and an ArMek SW-6a light ion cannon, the CAV-11 can deal with most non-military grade vehicles.</Description>
  <Source>Suns of Fortune</Source>
  <Custom>DescOnly</Custom>
  <Type>Airspeeder</Type>
  <Categories>
    <Category>Air Vehicle</Category>
  </Categories>
  <HP>2</HP>
  <Price>30000</Price>
  <Rarity>4</Rarity>
  <MaxAltitude>300 kilometers</MaxAltitude>
  <Crew>One Pilot</Crew>
  <EncumbranceCapacity>12</EncumbranceCapacity>
  <Passengers>2</Passengers>
  <Silhouette>2</Silhouette>
  <Speed>3</Speed>
  <Handling>1</Handling>
  <Armor>1</Armor>
  <HullTrauma>6</HullTrauma>
  <SystemStrain>6</SystemStrain>
  <SinglePilot>true</SinglePilot>
  <VehicleWeapons>
    <VehicleWeapon>
      <FiringArcs>
        <Fore>true</Fore>
      </FiringArcs>
      <Location>Forward</Location>
      <Qualities>
        <Quality>
          <Key>LINKED</Key>
          <Count>1</Count>
        </Quality>
      </Qualities>
      <Key>BLASTCANLT</Key>
    </VehicleWeapon>
    <VehicleWeapon>
      <FiringArcs>
        <Fore>true</Fore>
      </FiringArcs>
      <Location>Top</Location>
      <Key>IONLT</Key>
    </VehicleWeapon>
  </VehicleWeapons>
  <SensorRange>Close</SensorRange>
</Vehicle>