<?xml version="1.0"?>
<Vehicle xmlns:xsi="http://www.w3.org/2001/XMLSchema-instance" xmlns:xsd="http://www.w3.org/2001/XMLSchema">
  <Key>FANGFIGHT</Key>
  <Name>Fang Fighter</Name>
  <Description>[H3]Mandalorian Protectorate "Fang" Starfighter[h3]
A starfighter used by the Mandalorian Protectors, an elite group of warriors sworn to defend the Concord Dawn system, the Fang fighter is a formidable ship designed specifically for close combat. Featuring wings which pivot around the central cockpit, providing vector thrust control, the Fang is able to perform maneuvers few other fighters are capable of matching. The intimidating ship is armed with wing-mounted laser cannons and a proton torpedo launcher beneath the cockpit.
[P]The legendary Fenn Rau personally trains all Protectorate fighter pilots, making the combination of pilot and vessel hard for anyone to match in battle.</Description>
  <Sources>
    <Source Page="58">No Disintegrations</Source>
    <Source Page="62">Unlimited Power</Source>
  </Sources>
  <Custom>DescOnly</Custom>
  <Type>Starfighter</Type>
  <Categories>
    <Category>Starship</Category>
  </Categories>
  <HP>1</HP>
  <Price>120000</Price>
  <Rarity>9</Rarity>
  <BaseMods>
    <Mod>
      <Count>1</Count>
      <MiscDesc>[B]Narrow Attack Profile[b]: Enemies at close range count this ship's silhouette as 1 lower (min 1) for determining attack difficulty.</MiscDesc>
    </Mod>
  </BaseMods>
  <HyperdrivePrimary>2</HyperdrivePrimary>
  <NaviComputer>true</NaviComputer>
  <Crew>One pilot</Crew>
  <EncumbranceCapacity>2</EncumbranceCapacity>
  <Consumables>One day</Consumables>
  <Silhouette>3</Silhouette>
  <Speed>6</Speed>
  <Handling>3</Handling>
  <Armor>2</Armor>
  <HullTrauma>12</HullTrauma>
  <SystemStrain>10</SystemStrain>
  <Starship>true</Starship>
  <SinglePilot>true</SinglePilot>
  <VehicleWeapons>
    <VehicleWeapon>
      <FiringArcs>
        <Fore>true</Fore>
      </FiringArcs>
      <Location>Forward</Location>
      <Qualities>
        <Quality>
          <Key>LINKED</Key>
          <Count>1</Count>
        </Quality>
      </Qualities>
      <Key>LASERLT</Key>
    </VehicleWeapon>
    <VehicleWeapon>
      <FiringArcs>
        <Fore>true</Fore>
      </FiringArcs>
      <Location>Forward</Location>
      <Retractable>true</Retractable>
      <Key>PTL</Key>
    </VehicleWeapon>
  </VehicleWeapons>
  <SensorRange>Close</SensorRange>
</Vehicle>