<?xml version="1.0"?>
<Vehicle xmlns:xsi="http://www.w3.org/2001/XMLSchema-instance" xmlns:xsd="http://www.w3.org/2001/XMLSchema">
  <Key>DUNELIZARD</Key>
  <Name>G1-M4-C Dunelizard</Name>
  <Description>
    [H3]G1-M4-C Dunelizard[h3]

The G1-M4-C Dunelizard is a starfighter of medium weight developed by the Hutts and produced by MandalMotors. The style 2 saw some limited use among Naboo's RSF forces, alongside Kimogila, KSE Firespray class and Z-95 fighters. The Dunelizard's namesake is the dune lizard creature.</Description>
  <Source>Long Arm of the Hutt</Source>
  <Custom>DescOnly</Custom>
  <Type>Starfighter</Type>
  <Categories>
    <Category>Starship</Category>
  </Categories>
  <HP>3</HP>
  <Price>115000</Price>
  <Rarity>5</Rarity>
  <HyperdrivePrimary>2</HyperdrivePrimary>
  <NaviComputer>true</NaviComputer>
  <Crew>One pilot, co-pilot/astromech droid</Crew>
  <EncumbranceCapacity>10</EncumbranceCapacity>
  <Consumables>Two weeks</Consumables>
  <Silhouette>3</Silhouette>
  <Speed>4</Speed>
  <Handling>1</Handling>
  <DefFore>1</DefFore>
  <DefAft>1</DefAft>
  <Armor>3</Armor>
  <HullTrauma>8</HullTrauma>
  <SystemStrain>7</SystemStrain>
  <Starship>true</Starship>
  <SinglePilot>true</SinglePilot>
  <VehicleWeapons>
    <VehicleWeapon>
      <FiringArcs>
        <Fore>true</Fore>
      </FiringArcs>
      <Location>Forward</Location>
      <Qualities>
        <Quality>
          <Key>LINKED</Key>
          <Count>1</Count>
        </Quality>
      </Qualities>
      <Key>LASERMED</Key>
    </VehicleWeapon>
  </VehicleWeapons>
  <SensorRange>Close</SensorRange>
</Vehicle>