<?xml version="1.0"?>
<Species xmlns:xsi="http://www.w3.org/2001/XMLSchema-instance" xmlns:xsd="http://www.w3.org/2001/XMLSchema">
  <Key>CHEVIN</Key>
  <Name>Chevin</Name>
  <Description>[H4]Chevin[h4]

The Chevin are solidly built and hard to overlook, being taller than humans and nearly twice as wide. They have large, leathery faces and long, prominent snouts. Their impervious gray skin stretches over thick, muscular limbs, and their sense of smell is refined enough to identify a case of colored water in a shipment of booster blue. Once a species of hunters, Chevin are now renowned for hunting credits, a task for which they are uniquely skilled. 

[P]Trade is an important activity for Chevin, whether among themselves or on an interplanetary scale. They pride themselves on their business acumen, and consider wealth tantamount to prestige. Their main exports are slaves and slave-related technology, the only technology they have developed themselves. The Empire is the main customer for the latter. For this reason most Chevin consider the Empire good for business, and so accept and support Palpatine's New Order. 

[P]Chevin have developed a reputation for ruthlessness among other species. They drive a hard bargain, and their opportunist natures mean they capitalize on those in need. By Chevin standards, if a colony is willing to pay more than foodstuffs are worth to avoid starvation, the merchant should charge more. If the captain of a starship needs a spare part immediately or risks capture by Imperials, to ask a less than extortionate price makes no business sense. Chevin etiquette demands honesty, not mercy. 

[P]In a culture so obsessed by commerce, honesty plays a vital role. After all, honesty is an essential component of trust. Without trust, the trading and exchanging between Chevin villages would break down. As a result, the Chevin moral code requires them to be scrupulously honest, and so Chevin never fail to keep their side of a bargain. On the other hand, they expect the same values to be upheld by other species they deal with, and when double-crossed, they prove violent and unrelenting in seeking revenge. 

[P][B]Physiology:[b] Chevin are strong and tough, with thick hides that are both insulating and insensitive. They absorb damage, and it takes a lot to injure a Chevin or even cause him pain. Few humanoid species could successfully tackle a Chevin with anything less than a blaster. Fortunately, though they are by nature aggressive, given the choice Chevin are more likely to negotiate than fight. They earn more credits that way. 

[P]The double-lidded eyes of the Chevin allow them to see in sandstorms or blizzards. They once used their long snouts to track prey, and so their sense of smell is highly developed. Now they are more likely to use it to check the quality of goods than to follow a backshin's trail. 

[P][B]Society:[b] On Vinsoth, the Chevin evolved alongside the Chevs, the other sentient species on the planet. The Chevin, being more aggressive and hardier fighters, long ago conquered and enslaved their near-human neighbors. Chevin were once hunter-gatherers, but as slavers they have come to rely on the Chevs. Their slaves manufacture and farm for them, while the Chevin have become expert traders and delegators who like to be in charge. Chevin demand respect and thrive in positions of dominance, making them well suited to leadership roles. They have a knack for sensing the potential in other individuals and putting it to good use. 

[P]A migratory species, the Chevin live in moving villages, using vehicles called "lodges" to transport their families and goods while their slaves walk alongside. Although Chevin dictators never leave the planet's capital cities, Chevin villages rarely stay in the same place for long. It is therefore is no surprise that Chevin are happy to leave their homeworld to trade, making their home wherever they happen to be. 

[P]It is telling of Chevin society that the more aggressive of them tend to rise higher and do better, becoming the leaders in politics and business. However, a Chevin would counter that this tends to be true wherever he finds himself. The galaxy is a dangerous and unforgiving place, and so the Chevin must be strong and ruthless to survive. This grim outlook is a typical Chevin trait, and means that the majority of their relationships with other species are business relationships. 

[P][B]Homeworld:[b] The Chevin homeworld of Vinsoth is in the Outer Rim. The terrain varies widely across the planet, from ice caps at the poles to deserts, mountains, and prairies. Though the Chevin can live almost anywhere thanks to their strdng constitution, on Vinsoth they tend to roam on the vast grassy plains. 

[P][B]Language:[b] The official language of Vinsoth is Chevin. Most Chevin also learn to speak Basic for the benefit of trade and travel. They also ensure that their slaves speak both Chevin and Basic.</Description>
  <Source>Far Horizons</Source>
  <Custom>DescOnly</Custom>
  <StartingChars>
    <Brawn>3</Brawn>
    <Agility>1</Agility>
    <Intellect>2</Intellect>
    <Cunning>3</Cunning>
    <Willpower>2</Willpower>
    <Presence>1</Presence>
  </StartingChars>
  <StartingAttrs>
    <WoundThreshold>11</WoundThreshold>
    <StrainThreshold>11</StrainThreshold>
    <Experience>80</Experience>
  </StartingAttrs>
  <SkillModifiers>
    <SkillModifier>
      <Key>NEG</Key>
      <RankStart>1</RankStart>
    </SkillModifier>
  </SkillModifiers>
  <TalentModifiers>
    <TalentModifier>
      <Key>DURA</Key>
      <RankAdd>1</RankAdd>
    </TalentModifier>
  </TalentModifiers>
  <OptionChoices>
    <OptionChoice>
      <Key>CHEVINOC1</Key>
      <Name>Smell</Name>
      <Options>
        <Option>
          <Key>CHEVINOC1OP1</Key>
          <Name>Advanced Olfaction</Name>
          <Description>
            Chevin add [BOOST] to Perception checks involving the sense of smell.
          </Description>
        </Option>
      </Options>
    </OptionChoice>
  </OptionChoices>
</Species>