<?xml version="1.0"?>
<Species xmlns:xsi="http://www.w3.org/2001/XMLSchema-instance" xmlns:xsd="http://www.w3.org/2001/XMLSchema">
  <Key>DRESSELLIAN</Key>
  <Name>Dressellian</Name>
  <Description>[H4]Dressellian[h4]

The gruff, wrinkle-faced Dressellians are best known as gritty, tough outdoorsmen and master scouts. They are difficult to get along with, and distrust non-Dressellians, but once they strike up a friendship they are known to be fierce and uncompromising allies. 

[P][B]Physiology:[b] The Dressellians are tall, thin mammalian humanoids with elongated skulls and wrinkled faces that mimic the shades and patterns of steepara tree bark. Some refer to them as "prune faces," a derogatory term guaranteed to incense any Dressellian within earshot. Most Dressellian eyes can range from bright yellow to golden orange and provide slightly improved night vision. Dressellians are bright and agile, making them fierce warriors when cornered. Their blood is a bright teal, which is indicative of inefficient circulatory systems and a genetically recent marine heritage. As a result, Dressellians consume oxygen at almost double the rate of comparably sized humanoids. 

[P][B]Society:[b] Modern Dressellian society consists of a number of city-states run by direct representative democracies. While Dressellians from the same city-state share common views and work together, those from different city-states across the globe struggle to agree on anything. Not all Dressellians have embraced urbanization, and a large number of Dressellians still live in traditional nomadic groups. These tribes of hunter-gatherers wander the vast steepara forests that cover many of Dressel's islands and larger continents. 

[P]Traditional Dressellians depend on the near-kilometer-high trees to provide for numerous facets of their life. Giant steepara leaves have a unique texture that isn't quite like rubber or leather, which makes them ideal for use in both textiles and construction. Each tree is practically a habitat all its own, and provides for much of the Dressellian diet, which consists of steepara seed and syrup, cuirreal climber meat, and a variety of mushrooms. The steepara forests are not without their challenges, however; fierce predators, such as the wild, Wookiee-like erselu, the stalking panagra, and the swooping, large-eyed astrigia pose a constant threat to the natives. 

[P]Imperial occupation has banded the Dressellians together in a common cause unprecedented in Dressellian history. General Orrimaarko, the former governor of Sreeharlo, leads the resistance with the help of Generals Panno and Neeralli. Many Dressellians have reverted to traditional lifestyles to better evade Imperial reprisals, and do their part to support Orrimaarko's efforts. The Dressellians, with assistance from their longtime allies the Bothans, have become masters of guerrilla warfare, striking Imperial patrols and outposts from the backs of selldu during nighttime raids. Imperials on Dressel are almost exclusively human, and as such, the Dressellians have developed a negative view of most outsiders, especially humans.

[P]While known best for their combat prowess during the Galactic Civil War, the DressellianS are also accomplished artists. Critics find Dressellian music, literature, and art deeply inspirational and filled with profound, universally accessible themes. The popularity of many Dressellian works has exploded recently among enemies of the Empire. 

[P][B]Homeworld:[b] The moonless, temperate world of Dressel is in the Mid Rim's Noolian sector along the Askar Trace, a hyperspace route that once defined the coreward edge of Bothan Space. The planet has an oddly uniform distribution of large islands, and few true continents. The largest landmass is an equatorial island called Breehara, thought to be the birthplace of the Dressellians. Most land on Dressel is dominated by hilly grasslands and tall, ancient forests. 

[P]Bothan explorer Karka Vri'skar of clan Askar initially discovered the world two centuries before the Battle of Yavin, but, aside from the occasional trader or outlaw, the Bothans left the primitive Dressellians to their own devices while still maintaining regular diplomatic contact. Ten years before the Battle of Yavin, the Empire established a garrison and Imperialized Dressel's resources. The Dressellians engaged the Empire in guerrilla warfare, drawing on their skills as nomadic hunters and gatherers to evade the Empire. 

[P][B]Language:[b] The Dressellians speak a native language of the same name. Scholars have described the language as flowing and organic, filled with soft sounds. However, over the past two centuries, the Dressellians have adopted a number of Bothan words, particularly to describe technology. Many art critics have blamed Bothan interference for tainting one of the great romantic languages, but it is widely agreed that the Dressellian adoption of the Bothan alphabet over their own primitive hieroglyphs was a positive influence.</Description>
  <Source>Stay on Target</Source>
  <Custom>DescOnly</Custom>
  <StartingChars>
    <Brawn>2</Brawn>
    <Agility>2</Agility>
    <Intellect>2</Intellect>
    <Cunning>2</Cunning>
    <Willpower>3</Willpower>
    <Presence>1</Presence>
  </StartingChars>
  <StartingAttrs>
    <WoundThreshold>11</WoundThreshold>
    <StrainThreshold>10</StrainThreshold>
    <Experience>110</Experience>
  </StartingAttrs>
  <SkillModifiers>
    <SkillModifier>
      <Key>SURV</Key>
      <RankStart>1</RankStart>
      <RankLimit>2</RankLimit>
    </SkillModifier>
  </SkillModifiers>
  <OptionChoices>
    <OptionChoice>
      <Key>DRESSELLIANCH1</Key>
      <Name>Technology</Name>
      <Options>
        <Option>
          <Key>DRESSELLIANCH1OP1</Key>
          <Name>Primative</Name>
          <Description>Dressellians must upgrade the difficulty of any checks involving non-Dressellian technology.</Description>
        </Option>
        <Option>
          <Key>DRESSELLIANCH1OP2</Key>
          <Name>Non-Primative</Name>
          <Description>Tech-saavy Dressellians do not need to upgrade the difficulty of checks involving non-Dressellian technology.</Description>
          <StartingAttributes>
            <Experience>-10</Experience>
          </StartingAttributes>
        </Option>
      </Options>
    </OptionChoice>
  </OptionChoices>
</Species>