<?xml version="1.0"?>
<Species xmlns:xsi="http://www.w3.org/2001/XMLSchema-instance" xmlns:xsd="http://www.w3.org/2001/XMLSchema">
  <Key>SAKIYAN</Key>
  <Name>Sakiyan</Name>
  <Description>
    [H4]Sakiyan[h4]

Few predators in the galaxy can rival the Sakiyans. As trackers, they are matched only by the Gand. As hunters, they are the equal of the Trandoshans and Defel. As killers, they are virtually unparalleled. Fortunately for the rest of the galaxy, Sakiyans tend to have very little interest in anything beyond their own star system and rarely venture far from their homeworld. 

[P]Although the Sakiyans' hunting prowess would seem to make them better suited for ground-level living, an entire segment of Sakiyan society has moved above their traditional forest encampments to grand and lofty repulsorlift cities. There, the Sakiyans' best and brightest minds have continued to develop and perfect their repulsorlift technology, which they export across the galaxy. It is this expertise that has allowed them to resist multiple attempted conquests over the years. 

[P]Sakiyans are renowned as bounty hunters and assassins; those who leave their homeworld, Saki, find their skills in high demand among the Hutt kajidics. Yet, there is no love lost between the proud Sakiyans and the Hutts, who would dominate them and their homeworld given half the chance. 

[P][B]Physiology:[b] Though superficially similar to humans, Sakiyans are a distinct species, having evolved along convergent lines but possessing various notable features. Most visibly, Sakiyans have enlarged, bifurcated craniums, lack any hair, and have pointed ears. Their skin is highly reflective, like burnished metal, and varies in color from jet black and dark grey to varying shades of red, blue, and purple. Pale-skinned and albino Sakiyans exist as well. Nearly twice the size of the average human brain, the highly evolved brains of the Sakiyans are able to process impressive amounts of sensory information. As such, Sakiyans have extraordinary senses: they are able to see into the infrared spectrum and possess truly exceptional hearing and smell. Some Sakiyan hunters are said to track their prey by smell alone. 

[P][B]Society:[b] Sakiyan society is organized around complex family and clan relationships. Known as prides, Sakiyan clans form the basis of their communities. Protecting and defending their families and prides are the overriding concerns of members of the species. As such, Sakiyans tend to be territorial and suspicious of strangers and outsiders, especially non-Sakiyans. The prides are largely homogenous, relatively insulated groups, and pride leaders exercise familial and political authority over their clans and communities. Sakiyan skin tones are one means by which prides identify themselves, though there is little overt prejudice based on skin color between most groups. The notable exception to this is the bigotry directed against light-skinned Sakiyans, who are generally viewed as aberrations by the rest of Sakiyan society, even their own kin. Because of this, pale-skinned and albino Sakiyans are more likely than others to leave Saki and forge their own paths in the galaxy. 

[P]Predators at their core. Sakiyans take great pleasure in the hunt and regard hunting as the truest test of a being's worth. They tend to view themselves as the ultimate hunters—with some justification—and regard most other species as little more than cud-chewing prey, barely worthy of the most minimal respect. Sakiyans are also noted for their distinct lack of humor as well as their intellectual and problem-solving abilities; they rarely take kindly to being proven wrong. 

[P][B]Homeworld:[b] Situated on the edge of the Bootana Hutta, deep within Hutt Space, Saki is a tropical world of broad oceans and lush rain forests, which have been preserved by the Sakiyans' remarkable repulsorlift technology. Rather than clear away their hunting territory, they have instead expanded skyward with massive floating cities and fortresses.

[P][B]Language:[b] Despite being under the economic dominion of the Hutts, the Sakiyans have maintained their own cultural identity, which includes their native language. However, most Sakiyans are also fluent in Huttese and speak at least rudimentary Basic.</Description>
  <Source>Lords of Nal Hutta</Source>
  <Custom>DescOnly</Custom>
  <StartingChars>
    <Brawn>2</Brawn>
    <Agility>2</Agility>
    <Intellect>3</Intellect>
    <Cunning>2</Cunning>
    <Willpower>2</Willpower>
    <Presence>2</Presence>
  </StartingChars>
  <StartingAttrs>
    <WoundThreshold>8</WoundThreshold>
    <StrainThreshold>10</StrainThreshold>
    <Experience>80</Experience>
  </StartingAttrs>
  <TalentModifiers>
    <TalentModifier>
      <Key>EXTRACK</Key>
      <RankAdd>1</RankAdd>
    </TalentModifier>
  </TalentModifiers>
  <OptionChoices>
    <OptionChoice>
      <Key>SAKIYANOC1</Key>
      <Name>Skills</Name>
      <Options>
        <Option>
          <Key>SAKIYANOC1OP1</Key>
          <Name>Perception</Name>
          <Description>Sakiyans may begin the game with one rank in Perception.</Description>
          <SkillModifiers>
            <SkillModifier>
              <Key>PERC</Key>
              <RankStart>1</RankStart>
            </SkillModifier>
          </SkillModifiers>
        </Option>
        <Option>
          <Key>SAKIYANOC1OP2</Key>
          <Name>Vigilance</Name>
          <Description>Sakiyans may begin the game with one rank in Vigilance.</Description>
          <SkillModifiers>
            <SkillModifier>
              <Key>VIGIL</Key>
              <RankStart>1</RankStart>
            </SkillModifier>
          </SkillModifiers>
        </Option>
      </Options>
    </OptionChoice>
  </OptionChoices>
</Species>