<?xml version="1.0"?>
<Specialization xmlns:xsi="http://www.w3.org/2001/XMLSchema-instance" xmlns:xsd="http://www.w3.org/2001/XMLSchema">
  <Key>AGGRES</Key>
  <Name>Aggressor</Name>
  <Description>[H4]Aggressor[h4]

The Aggressor relies on fear to intimidate his opposition into surrender or retreat. Aggressors tend to be tough and dangerous combatants, able to dish out brutal damage to anyone who fights them, while surviving the same. They use their confident, terrifying attitudes to convey this to their opponents. Some Aggressors hope their enemies back down without a fight, but others fall into the trap of relishing the fear they inspire. 

[P]Aggressors acquire [B]Coercion, Knowledge (Underworld), Ranged (Light),[b] and [B]Streetwise[b] as additional career skills. If this is the character's starting specialization, he may choose two of these skills and gain one free rank in each, without spending starting experience. These skills enable Aggressors to recognize the bravado shown by criminal enforcers and thugs. It also aids them in cowing these individuals, assuring these predators that the Force-sensitive character is a far scarier and more potent individual than they have previously faced. 

[P]Tempered by the Force, some characters who undertake this specialization prefer to use their abilities to intimidate foes into surrender so they don't have to kill needlessly. While they are extremely capable in this regard, they frequently learn the techniques required to cause the bare minimum of damage necessary. Precision is important, as every life still holds value in the Force. 

[P]When confronted by a foe that seems irredeemable, however, the Aggressor's attitude shifts appropriately. All elements of self-restraint are discarded, and the Aggressor is able to simply punish his foes, inflicting devastating blow after devastating blow. Often, opponents simply flee rather than engage an Aggressor. Stories told by survivors—and sometimes allies—add to the character's reputation, making it even easier to intimidate future enemies.</Description>
  <Source Page="99">Force and Destiny Core Rulebook</Source>
  <Custom>DescOnly</Custom>
  <CareerSkills>
    <Key>COERC</Key>
    <Key>RANGLT</Key>
    <Key>SW</Key>
    <Key>UND</Key>
  </CareerSkills>
  <TalentRows>
    <TalentRow>
      <Cost>5</Cost>
      <Talents>
        <Key>INTIM</Key>
        <Key>PLAUSDEN</Key>
        <Key>GRIT</Key>
        <Key>TOUGH</Key>
      </Talents>
      <Directions>
        <Direction>
          <Down>true</Down>
        </Direction>
        <Direction>
          <Down>true</Down>
        </Direction>
        <Direction>
          <Down>true</Down>
        </Direction>
        <Direction>
          <Down>true</Down>
        </Direction>
      </Directions>
    </TalentRow>
    <TalentRow>
      <Cost>10</Cost>
      <Talents>
        <Key>FEARSOME</Key>
        <Key>INTIM</Key>
        <Key>PREYWEAK</Key>
        <Key>SENSEADV</Key>
      </Talents>
      <Directions>
        <Direction>
          <Right>true</Right>
          <Up>true</Up>
          <Down>true</Down>
        </Direction>
        <Direction>
          <Left>true</Left>
          <Right>true</Right>
          <Up>true</Up>
          <Down>true</Down>
        </Direction>
        <Direction>
          <Left>true</Left>
          <Up>true</Up>
          <Down>true</Down>
        </Direction>
        <Direction>
          <Up>true</Up>
          <Down>true</Down>
        </Direction>
      </Directions>
    </TalentRow>
    <TalentRow>
      <Cost>15</Cost>
      <Talents>
        <Key>FEARSOME</Key>
        <Key>TERRIFY</Key>
        <Key>CRIPV</Key>
        <Key>TOUGH</Key>
      </Talents>
      <Directions>
        <Direction>
          <Right>true</Right>
          <Up>true</Up>
          <Down>true</Down>
        </Direction>
        <Direction>
          <Left>true</Left>
          <Up>true</Up>
          <Down>true</Down>
        </Direction>
        <Direction>
          <Right>true</Right>
          <Up>true</Up>
          <Down>true</Down>
        </Direction>
        <Direction>
          <Left>true</Left>
          <Up>true</Up>
          <Down>true</Down>
        </Direction>
      </Directions>
    </TalentRow>
    <TalentRow>
      <Cost>20</Cost>
      <Talents>
        <Key>GRIT</Key>
        <Key>TERRIFYIMP</Key>
        <Key>PREYWEAK</Key>
        <Key>HERO</Key>
      </Talents>
      <Directions>
        <Direction>
          <Right>true</Right>
          <Up>true</Up>
          <Down>true</Down>
        </Direction>
        <Direction>
          <Left>true</Left>
          <Up>true</Up>
          <Down>true</Down>
        </Direction>
        <Direction>
          <Up>true</Up>
          <Down>true</Down>
        </Direction>
        <Direction>
          <Up>true</Up>
          <Down>true</Down>
        </Direction>
      </Directions>
    </TalentRow>
    <TalentRow>
      <Cost>25</Cost>
      <Talents>
        <Key>FORCERAT</Key>
        <Key>FEARSOME</Key>
        <Key>DEDI</Key>
        <Key>AAO</Key>
      </Talents>
      <Directions>
        <Direction>
          <Right>true</Right>
          <Up>true</Up>
        </Direction>
        <Direction>
          <Left>true</Left>
          <Right>true</Right>
          <Up>true</Up>
        </Direction>
        <Direction>
          <Left>true</Left>
          <Up>true</Up>
        </Direction>
        <Direction>
          <Up>true</Up>
        </Direction>
      </Directions>
    </TalentRow>
  </TalentRows>
  <AddlCareerSkills>
    <Type />
  </AddlCareerSkills>
</Specialization>