<?xml version="1.0"?>
<Specialization xmlns:xsi="http://www.w3.org/2001/XMLSchema-instance" xmlns:xsd="http://www.w3.org/2001/XMLSchema">
  <Key>ARCTROOP</Key>
  <Name>ARC Trooper</Name>
  <Description>[H4]ARC Trooper[h4]
While the bulk of the Grand Army of the Republic try consists of the standard clone troopers, military leadership and the engineers of Kamino recognized the need for specialized soldiers. Squads of Advanced Recon Commando troopers fulfill the need for small and flexible tactical squads to take on unconventional objectives despite everchanging and unknown  situations and lack of access to command leadership  These elite soldiers act independently and creatively. showcasing the clones' potential in a way that can only be called human.[P]
Focused on tactics for quick strikes, careful Infiltration. or overwhelming force, ARC Troopers gain the additional career skills [B]Coordination, Mechanics. Piloting (Planetary), and Stealth[b] If this is a character's starting specialization, they choose two of these skills and gain a rank in each. ARC Troopers have to be in peak physical condition to survive the many different climates and planets of the galaxy. They are often selected for daring aerial insertions and other missions requiring jetpacks. The abilities not only to  operate jetpacks and other specialized gear but also to keep them in working order on the held can be crucial. Often, ARC Troopers must get behind enemy lines and back out again without being detected.
 

</Description>
  <Source Page="21">Collapse of the Republic</Source>
  <Custom>AddedItem</Custom>
  <CareerSkills>
    <Key>COORD</Key>
    <Key>MECH</Key>
    <Key>PILOTPL</Key>
    <Key>STEAL</Key>
  </CareerSkills>
  <TalentRows>
    <TalentRow>
      <Cost>5</Cost>
      <Talents>
        <Key>TOUGH</Key>
        <Key>GRIT</Key>
        <Key>PHYSTRAIN</Key>
        <Key>CONDITIONED</Key>
      </Talents>
      <Directions>
        <Direction />
        <Direction>
          <Down>true</Down>
        </Direction>
        <Direction>
          <Down>true</Down>
        </Direction>
        <Direction>
          <Down>true</Down>
        </Direction>
      </Directions>
    </TalentRow>
    <TalentRow>
      <Cost>10</Cost>
      <Talents>
        <Key>CLANKILL</Key>
        <Key>QUICKST</Key>
        <Key>KNOCK</Key>
        <Key>POINTBL</Key>
      </Talents>
      <Directions>
        <Direction>
          <Right>true</Right>
          <Down>true</Down>
        </Direction>
        <Direction>
          <Left>true</Left>
          <Right>true</Right>
          <Up>true</Up>
          <Down>true</Down>
        </Direction>
        <Direction>
          <Left>true</Left>
          <Up>true</Up>
        </Direction>
        <Direction>
          <Up>true</Up>
          <Down>true</Down>
        </Direction>
      </Directions>
    </TalentRow>
    <TalentRow>
      <Cost>15</Cost>
      <Talents>
        <Key>TOUGH</Key>
        <Key>SWIFT</Key>
        <Key>POINTBL</Key>
        <Key>GUNSBLAZING</Key>
      </Talents>
      <Directions>
        <Direction>
          <Up>true</Up>
        </Direction>
        <Direction>
          <Right>true</Right>
          <Up>true</Up>
          <Down>true</Down>
        </Direction>
        <Direction>
          <Left>true</Left>
          <Right>true</Right>
        </Direction>
        <Direction>
          <Left>true</Left>
          <Up>true</Up>
          <Down>true</Down>
        </Direction>
      </Directions>
    </TalentRow>
    <TalentRow>
      <Cost>20</Cost>
      <Talents>
        <Key>QUICKST</Key>
        <Key>GRIT</Key>
        <Key>CLANKILL</Key>
        <Key>NATCOMMAN</Key>
      </Talents>
      <Directions>
        <Direction>
          <Right>true</Right>
          <Down>true</Down>
        </Direction>
        <Direction>
          <Left>true</Left>
          <Up>true</Up>
        </Direction>
        <Direction>
          <Right>true</Right>
          <Down>true</Down>
        </Direction>
        <Direction>
          <Left>true</Left>
          <Up>true</Up>
          <Down>true</Down>
        </Direction>
      </Directions>
    </TalentRow>
    <TalentRow>
      <Cost>25</Cost>
      <Talents>
        <Key>DETDROP</Key>
        <Key>TACTEVAS</Key>
        <Key>DEDI</Key>
        <Key>RAPFIRE</Key>
      </Talents>
      <Directions>
        <Direction>
          <Right>true</Right>
          <Up>true</Up>
        </Direction>
        <Direction>
          <Left>true</Left>
          <Right>true</Right>
        </Direction>
        <Direction>
          <Left>true</Left>
          <Right>true</Right>
          <Up>true</Up>
        </Direction>
        <Direction>
          <Left>true</Left>
          <Up>true</Up>
        </Direction>
      </Directions>
    </TalentRow>
  </TalentRows>
  <AddlCareerSkills>
    <Type />
  </AddlCareerSkills>
</Specialization>