<?xml version="1.0"?>
<Specialization xmlns:xsi="http://www.w3.org/2001/XMLSchema-instance" xmlns:xsd="http://www.w3.org/2001/XMLSchema">
  <Key>ATARU</Key>
  <Name>Ataru Striker</Name>
  <Description>[H4]Ataru Striker[h4]

When working alone in a hostile environment, every physical conflict must be resolved quickly and decisively. Frequently, an uncivilized planet completely lacks any sort of medical facilities. In fact, at times, an isolated explorer could be the only sentient being on the world. In such a situation, a minor injury can be deadly. If a conflict is necessary, it is better to resolve it quickly, taking whatever risks are involved, than to fight more conservatively and prolong the risk of injury. The Ataru Striker embraces this approach, throwing himself into combat with every fiber of his being. 

[P]Ataru Strikers acquire [B]Athletics, Coordination, Lightsaber,[b] and [B]Perception[b] as additional career skills. If this is the characters starting specialization, he may choose two of these skills and gain one free rank in 'each, without spending starting experience. This fighting style is highly dependent on the combatant's ability to quickly assess a situation and use natural athleticism to exploit the environment. In this way, the combatant is able to gain every possible advantage over an opponent. The combination of these edges and the rapid attacks that characterize Ataru martial arts can force a combat to a very quick resolution. 
[P]Practitioners of the Ataru fighting style must be supremely confident in their abilities. They must also be exceptionally athletic and capable of committing all their energy into a very brief conflict. When engaged in a physical conflict, Ataru Strikers fight without remorse but also with little concern for their own safety. Every motion is designed to inflict a flurry of rapid and overpowering attacks against their opponents from myriad angles. Their vicious and unrelenting offense is their best (and sometimes only) defense—most opponents are so busy defending themselves that they have no time to attack in turn. 

[P]However, this style of unrelenting attack can have its disadvantages. An Ataru Striker needs to see his opponent defeated quickly, before he exhausts himself. An individual who can outlast an Ataru Striker can prove to be his deadliest enemy.</Description>
  <Source Page="87">Force and Destiny Core Rulebook</Source>
  <Custom>DescOnly</Custom>
  <CareerSkills>
    <Key>ATHL</Key>
    <Key>COORD</Key>
    <Key>LTSABER</Key>
    <Key>PERC</Key>
  </CareerSkills>
  <TalentRows>
    <TalentRow>
      <Cost>5</Cost>
      <Talents>
        <Key>CONDITIONED</Key>
        <Key>PARRY</Key>
        <Key>JUMP</Key>
        <Key>QUICKDR</Key>
      </Talents>
      <Directions>
        <Direction>
          <Down>true</Down>
        </Direction>
        <Direction />
        <Direction>
          <Down>true</Down>
        </Direction>
        <Direction>
          <Down>true</Down>
        </Direction>
      </Directions>
    </TalentRow>
    <TalentRow>
      <Cost>10</Cost>
      <Talents>
        <Key>DODGE</Key>
        <Key>REFLECT</Key>
        <Key>ATARU</Key>
        <Key>QUICKST</Key>
      </Talents>
      <Directions>
        <Direction>
          <Up>true</Up>
          <Down>true</Down>
        </Direction>
        <Direction>
          <Right>true</Right>
          <Down>true</Down>
        </Direction>
        <Direction>
          <Left>true</Left>
          <Up>true</Up>
          <Down>true</Down>
        </Direction>
        <Direction>
          <Up>true</Up>
        </Direction>
      </Directions>
    </TalentRow>
    <TalentRow>
      <Cost>15</Cost>
      <Talents>
        <Key>QUICKST</Key>
        <Key>REFLECT</Key>
        <Key>PARRY</Key>
        <Key>PARRYIMP</Key>
      </Talents>
      <Directions>
        <Direction>
          <Up>true</Up>
          <Down>true</Down>
        </Direction>
        <Direction>
          <Right>true</Right>
          <Up>true</Up>
          <Down>true</Down>
        </Direction>
        <Direction>
          <Left>true</Left>
          <Right>true</Right>
          <Up>true</Up>
          <Down>true</Down>
        </Direction>
        <Direction>
          <Left>true</Left>
          <Down>true</Down>
        </Direction>
      </Directions>
    </TalentRow>
    <TalentRow>
      <Cost>20</Cost>
      <Talents>
        <Key>DODGE</Key>
        <Key>HAWKSWOOP</Key>
        <Key>SABERSW</Key>
        <Key>CONDITIONED</Key>
      </Talents>
      <Directions>
        <Direction>
          <Up>true</Up>
          <Down>true</Down>
        </Direction>
        <Direction>
          <Up>true</Up>
          <Down>true</Down>
        </Direction>
        <Direction>
          <Right>true</Right>
          <Up>true</Up>
          <Down>true</Down>
        </Direction>
        <Direction>
          <Left>true</Left>
          <Up>true</Up>
          <Down>true</Down>
        </Direction>
      </Directions>
    </TalentRow>
    <TalentRow>
      <Cost>25</Cost>
      <Talents>
        <Key>PARRY</Key>
        <Key>DEDI</Key>
        <Key>SABERTHROW</Key>
        <Key>BAL</Key>
      </Talents>
      <Directions>
        <Direction>
          <Right>true</Right>
          <Up>true</Up>
        </Direction>
        <Direction>
          <Left>true</Left>
          <Right>true</Right>
          <Up>true</Up>
        </Direction>
        <Direction>
          <Left>true</Left>
          <Up>true</Up>
        </Direction>
        <Direction>
          <Up>true</Up>
        </Direction>
      </Directions>
    </TalentRow>
  </TalentRows>
  <AddlCareerSkills>
    <Type />
  </AddlCareerSkills>
</Specialization>