<?xml version="1.0"?>
<Specialization xmlns:xsi="http://www.w3.org/2001/XMLSchema-instance" xmlns:xsd="http://www.w3.org/2001/XMLSchema">
  <Key>CLONEOFF</Key>
  <Name>Clone Officer</Name>
  <Description>[H4]Clone Officer[h4]
Every military organization depends upon its officers to function effectively. In most armies, this starts with noncommissioned officers, who work directly with line infantry, and extends to the highest-ranking generals, who devise the force's tactics and strategies. Sometimes, an officer needs to be a friend to the soldiers for whim they are responsible. At other times, the officer represents a supreme authority, one who can tolerate no dissension. In the Grand Army of the Republic, Clone Officers assume all but the very highest level of responsibility for their fellow clones, and every officer is a career soldier.

Clone officers receive [B]Cool, Leadership, Knowledge (Outer Rim)[b] and [B]Knowledge (Warfare)[b] as additional career skills. CHaracters who select this as their starting specialization may choose two of these skills and gain one free rank in each without spending starting experience. Officers need to recognize trouble at its earliest signs and react calmly to it. They also need their soldiers to believe that they have already foreseen every possible complication and have appropriate plans to respond to each. A thorough familiarity with the army's standard tactics and the capabilities of the units under their command are critical for implementing the appropriate strategy.</Description>
  <Source Page="21">Rise of the Separatists</Source>
  <Custom>DescOnly</Custom>
  <CareerSkills>
    <Key>COOL</Key>
    <Key>LEAD</Key>
    <Key>OUT</Key>
    <Key>WARF</Key>
  </CareerSkills>
  <TalentRows>
    <TalentRow>
      <Cost>5</Cost>
      <Talents>
        <Key>PRIMEPOS</Key>
        <Key>GRIT</Key>
        <Key>GRIT</Key>
        <Key>COM</Key>
      </Talents>
      <Directions>
        <Direction>
          <Down>true</Down>
        </Direction>
        <Direction />
        <Direction />
        <Direction>
          <Down>true</Down>
        </Direction>
      </Directions>
    </TalentRow>
    <TalentRow>
      <Cost>10</Cost>
      <Talents>
        <Key>TACTADV</Key>
        <Key>COM</Key>
        <Key>FIRSTBRO</Key>
        <Key>CLANKILL</Key>
      </Talents>
      <Directions>
        <Direction>
          <Right>true</Right>
          <Up>true</Up>
          <Down>true</Down>
        </Direction>
        <Direction>
          <Left>true</Left>
          <Down>true</Down>
        </Direction>
        <Direction>
          <Right>true</Right>
          <Down>true</Down>
        </Direction>
        <Direction>
          <Left>true</Left>
          <Up>true</Up>
          <Down>true</Down>
        </Direction>
      </Directions>
    </TalentRow>
    <TalentRow>
      <Cost>15</Cost>
      <Talents>
        <Key>PRIMEPOS</Key>
        <Key>COORDASS</Key>
        <Key>COORDASS</Key>
        <Key>TOUGH</Key>
      </Talents>
      <Directions>
        <Direction>
          <Up>true</Up>
          <Down>true</Down>
        </Direction>
        <Direction>
          <Up>true</Up>
          <Down>true</Down>
        </Direction>
        <Direction>
          <Up>true</Up>
          <Down>true</Down>
        </Direction>
        <Direction>
          <Up>true</Up>
          <Down>true</Down>
        </Direction>
      </Directions>
    </TalentRow>
    <TalentRow>
      <Cost>20</Cost>
      <Talents>
        <Key>FLDCOMM</Key>
        <Key>TACTADVIMP</Key>
        <Key>FIRSTBRO</Key>
        <Key>SCRAPEM</Key>
      </Talents>
      <Directions>
        <Direction>
          <Right>true</Right>
          <Up>true</Up>
          <Down>true</Down>
        </Direction>
        <Direction>
          <Left>true</Left>
          <Up>true</Up>
        </Direction>
        <Direction>
          <Right>true</Right>
          <Up>true</Up>
        </Direction>
        <Direction>
          <Left>true</Left>
          <Up>true</Up>
          <Down>true</Down>
        </Direction>
      </Directions>
    </TalentRow>
    <TalentRow>
      <Cost>25</Cost>
      <Talents>
        <Key>FLDCOMMIMP</Key>
        <Key>DEDI</Key>
        <Key>SCRAPEMIMP</Key>
        <Key>FORREP</Key>
      </Talents>
      <Directions>
        <Direction>
          <Right>true</Right>
          <Up>true</Up>
        </Direction>
        <Direction>
          <Left>true</Left>
          <Right>true</Right>
        </Direction>
        <Direction>
          <Left>true</Left>
          <Right>true</Right>
        </Direction>
        <Direction>
          <Left>true</Left>
          <Up>true</Up>
        </Direction>
      </Directions>
    </TalentRow>
  </TalentRows>
  <AddlCareerSkills>
    <Type />
  </AddlCareerSkills>
</Specialization>