<?xml version="1.0"?>
<Specialization xmlns:xsi="http://www.w3.org/2001/XMLSchema-instance" xmlns:xsd="http://www.w3.org/2001/XMLSchema">
  <Key>CLONEVET</Key>
  <Name>Clone Veteran</Name>
  <Description>[H4]Clone Veteran[h4]
Cloning, training, mental implants, and programming pale 'n comparison to field experience. Even the engineers on Kanmno and the skeptics in the Republic government can't deny the skill and talent of a veteran soldier. A training program can't take into account all the variables of combat, so veterans rely on firsthand knowledge of battle, tactics, and even psychology Engagement with the enemy means learning about the enemy, and a clone commander or Jedi is wise to ask the counsel of a veteran on any tactical matter.[P]
Thanks to their accelerated training program and genetic design. clones have an amazing flexibility to learn on the field. Clone Veterans have learned the lessons of their battles and gain the following career skills: [B]Melee, Resilience, Skulduggery, and Survival[b]. If this is the PC's first specialization, the PC gains one rank in each of two of these skills. Veterans have fought in enough urban environments and infiltrated enough bases to know the ins and outs of security systems Further, they have been thrown into so many different environments that they have prepared some basic survival tactics for all biomes.
 

</Description>
  <Source Page="23">Collapse of the Republic</Source>
  <Custom>AddedItem</Custom>
  <CareerSkills>
    <Key>MELEE</Key>
    <Key>RESIL</Key>
    <Key>SKUL</Key>
    <Key>SURV</Key>
  </CareerSkills>
  <TalentRows>
    <TalentRow>
      <Cost>5</Cost>
      <Talents>
        <Key>OUTDOOR</Key>
        <Key>GRIT</Key>
        <Key>TOUGH</Key>
        <Key>QUICKDR</Key>
      </Talents>
      <Directions>
        <Direction>
          <Down>true</Down>
        </Direction>
        <Direction>
          <Down>true</Down>
        </Direction>
        <Direction>
          <Down>true</Down>
        </Direction>
        <Direction>
          <Down>true</Down>
        </Direction>
      </Directions>
    </TalentRow>
    <TalentRow>
      <Cost>10</Cost>
      <Talents>
        <Key>COMBATVET</Key>
        <Key>TOUGH</Key>
        <Key>CLANKILL</Key>
        <Key>RAPREA</Key>
      </Talents>
      <Directions>
        <Direction>
          <Right>true</Right>
          <Up>true</Up>
          <Down>true</Down>
        </Direction>
        <Direction>
          <Left>true</Left>
          <Right>true</Right>
          <Up>true</Up>
        </Direction>
        <Direction>
          <Left>true</Left>
          <Right>true</Right>
          <Up>true</Up>
          <Down>true</Down>
        </Direction>
        <Direction>
          <Left>true</Left>
          <Up>true</Up>
          <Down>true</Down>
        </Direction>
      </Directions>
    </TalentRow>
    <TalentRow>
      <Cost>15</Cost>
      <Talents>
        <Key>GRIT</Key>
        <Key>LETHALBL</Key>
        <Key>CLANKILLIMP</Key>
        <Key>COMBATVET</Key>
      </Talents>
      <Directions>
        <Direction>
          <Right>true</Right>
          <Up>true</Up>
        </Direction>
        <Direction>
          <Left>true</Left>
          <Right>true</Right>
          <Down>true</Down>
        </Direction>
        <Direction>
          <Left>true</Left>
          <Up>true</Up>
          <Down>true</Down>
        </Direction>
        <Direction>
          <Up>true</Up>
          <Down>true</Down>
        </Direction>
      </Directions>
    </TalentRow>
    <TalentRow>
      <Cost>20</Cost>
      <Talents>
        <Key>MULTOPP</Key>
        <Key>RAPREA</Key>
        <Key>KNOWNPROG</Key>
        <Key>LETHALBL</Key>
      </Talents>
      <Directions>
        <Direction>
          <Right>true</Right>
          <Down>true</Down>
        </Direction>
        <Direction>
          <Left>true</Left>
          <Up>true</Up>
          <Down>true</Down>
        </Direction>
        <Direction>
          <Up>true</Up>
          <Down>true</Down>
        </Direction>
        <Direction>
          <Up>true</Up>
          <Down>true</Down>
        </Direction>
      </Directions>
    </TalentRow>
    <TalentRow>
      <Cost>25</Cost>
      <Talents>
        <Key>SIXSENSE</Key>
        <Key>SURVINS</Key>
        <Key>KNOWNPROIMP</Key>
        <Key>DEDI</Key>
      </Talents>
      <Directions>
        <Direction>
          <Right>true</Right>
          <Up>true</Up>
        </Direction>
        <Direction>
          <Left>true</Left>
          <Right>true</Right>
          <Up>true</Up>
        </Direction>
        <Direction>
          <Left>true</Left>
          <Right>true</Right>
          <Up>true</Up>
        </Direction>
        <Direction>
          <Left>true</Left>
          <Up>true</Up>
        </Direction>
      </Directions>
    </TalentRow>
  </TalentRows>
  <AddlCareerSkills>
    <Type />
  </AddlCareerSkills>
</Specialization>