<?xml version="1.0"?>
<Specialization xmlns:xsi="http://www.w3.org/2001/XMLSchema-instance" xmlns:xsd="http://www.w3.org/2001/XMLSchema">
  <Key>CLONECOM</Key>
  <Name>Clone Commander</Name>
  <Description>[H4]Clone Commander[h4]

The bio geneticists on Kamino understand that a clone army needs specialized commanders. While nonclone commanders could serve the function, the Kaminoans wished to sell a fully staffed military as a whole package and took on the challenge of providing an independent thinker with unwavering loyalty to their buyer. A Clone Commander can come from the soldier's ranks, having shown a natural ability to command, or can be engineered on Kamino through specialty training. The Jedi lean on these commanders to advise them, enforce discipline, and execute the Jedi's orders.
[P]A Clone Commander leads a regiment of four battalions of four companies each, taking orders directly from the Jedi on the field. They must think large scale, advising the Jedi on tactical and strategic matters, questioning when appropriate, but following orders when commanded. They must also interpret those orders, making sure they can accomplish the Jedi's goals while keeping casualties low. Lastly, they must pay attention to logistics and supply lines, ensuring that their regiments can hold the territory they take or have the ability to wage an offensive. This training provides Clone Commanders with the career skills [B]Knowledge (Core Worlds), Knowledge (Warfare), Leadership, and Perception[b]. If this is the PC's first specialization, the PC gains one rank in each of two of these skills.
</Description>
  <Source Page="22">Collapse of the Republic</Source>
  <Custom>AddedItem</Custom>
  <CareerSkills>
    <Key>CORE</Key>
    <Key>LEAD</Key>
    <Key>PERC</Key>
    <Key>WARF</Key>
  </CareerSkills>
  <TalentRows>
    <TalentRow>
      <Cost>5</Cost>
      <Talents>
        <Key>GRIT</Key>
        <Key>COMMPRES</Key>
        <Key>RESEARCH</Key>
        <Key>TOUGH</Key>
      </Talents>
      <Directions>
        <Direction />
        <Direction>
          <Down>true</Down>
        </Direction>
        <Direction>
          <Down>true</Down>
        </Direction>
        <Direction />
      </Directions>
    </TalentRow>
    <TalentRow>
      <Cost>10</Cost>
      <Talents>
        <Key>CLANKILL</Key>
        <Key>INGLOY</Key>
        <Key>CLEVCOMM</Key>
        <Key>GRIT</Key>
      </Talents>
      <Directions>
        <Direction>
          <Right>true</Right>
        </Direction>
        <Direction>
          <Left>true</Left>
          <Right>true</Right>
          <Up>true</Up>
          <Down>true</Down>
        </Direction>
        <Direction>
          <Left>true</Left>
          <Right>true</Right>
          <Up>true</Up>
        </Direction>
        <Direction>
          <Left>true</Left>
          <Down>true</Down>
        </Direction>
      </Directions>
    </TalentRow>
    <TalentRow>
      <Cost>15</Cost>
      <Talents>
        <Key>FIRSTBRO</Key>
        <Key>COMMPRES</Key>
        <Key>ENDPRES</Key>
        <Key>FORMTAC</Key>
      </Talents>
      <Directions>
        <Direction>
          <Right>true</Right>
        </Direction>
        <Direction>
          <Left>true</Left>
          <Right>true</Right>
          <Up>true</Up>
          <Down>true</Down>
        </Direction>
        <Direction>
          <Left>true</Left>
        </Direction>
        <Direction>
          <Up>true</Up>
          <Down>true</Down>
        </Direction>
      </Directions>
    </TalentRow>
    <TalentRow>
      <Cost>20</Cost>
      <Talents>
        <Key>FIRSTBRO</Key>
        <Key>STNERV</Key>
        <Key>TACTPLAN</Key>
        <Key>IMPFORMTAC</Key>
      </Talents>
      <Directions>
        <Direction>
          <Right>true</Right>
          <Down>true</Down>
        </Direction>
        <Direction>
          <Left>true</Left>
          <Up>true</Up>
          <Down>true</Down>
        </Direction>
        <Direction>
          <Right>true</Right>
          <Down>true</Down>
        </Direction>
        <Direction>
          <Left>true</Left>
          <Up>true</Up>
          <Down>true</Down>
        </Direction>
      </Directions>
    </TalentRow>
    <TalentRow>
      <Cost>25</Cost>
      <Talents>
        <Key>ATCOST</Key>
        <Key>DEDI</Key>
        <Key>OUTMAN</Key>
        <Key>PRACTSTRAT</Key>
      </Talents>
      <Directions>
        <Direction>
          <Right>true</Right>
          <Up>true</Up>
        </Direction>
        <Direction>
          <Left>true</Left>
          <Right>true</Right>
          <Up>true</Up>
        </Direction>
        <Direction>
          <Left>true</Left>
          <Right>true</Right>
          <Up>true</Up>
        </Direction>
        <Direction>
          <Left>true</Left>
          <Up>true</Up>
        </Direction>
      </Directions>
    </TalentRow>
  </TalentRows>
  <AddlCareerSkills>
    <Type />
  </AddlCareerSkills>
</Specialization>