<?xml version="1.0"?>
<Specialization xmlns:xsi="http://www.w3.org/2001/XMLSchema-instance" xmlns:xsd="http://www.w3.org/2001/XMLSchema">
  <Key>DWWAR</Key>
  <Name>Death Watch Warrior</Name>
  <Description>[H4]Death Watch Warrior[h4]
Please see page 28 of the Collapse of the Republic Sourcebook for details.</Description>
  <Source Page="28">Collapse of the Republic</Source>
  <Custom>AddedItem</Custom>
  <CareerSkills>
    <Key>COERC</Key>
    <Key>MECH</Key>
    <Key>PILOTPL</Key>
    <Key>RANGLT</Key>
  </CareerSkills>
  <TalentRows>
    <TalentRow>
      <Cost>5</Cost>
      <Talents>
        <Key>TOUGH</Key>
        <Key>INTIM</Key>
        <Key>CONDITIONED</Key>
        <Key>GRIT</Key>
      </Talents>
      <Directions>
        <Direction>
          <Down>true</Down>
        </Direction>
        <Direction />
        <Direction>
          <Down>true</Down>
        </Direction>
        <Direction />
      </Directions>
    </TalentRow>
    <TalentRow>
      <Cost>10</Cost>
      <Talents>
        <Key>ARM</Key>
        <Key>SIDESTEP</Key>
        <Key>JUMP</Key>
        <Key>JETEXP</Key>
      </Talents>
      <Directions>
        <Direction>
          <Right>true</Right>
          <Up>true</Up>
        </Direction>
        <Direction>
          <Left>true</Left>
          <Right>true</Right>
          <Down>true</Down>
        </Direction>
        <Direction>
          <Left>true</Left>
          <Right>true</Right>
          <Up>true</Up>
          <Down>true</Down>
        </Direction>
        <Direction>
          <Left>true</Left>
          <Down>true</Down>
        </Direction>
      </Directions>
    </TalentRow>
    <TalentRow>
      <Cost>15</Cost>
      <Talents>
        <Key>INTIM</Key>
        <Key>POINTBL</Key>
        <Key>SIDESTEP</Key>
        <Key>POINTBL</Key>
      </Talents>
      <Directions>
        <Direction>
          <Down>true</Down>
        </Direction>
        <Direction>
          <Up>true</Up>
          <Down>true</Down>
        </Direction>
        <Direction>
          <Up>true</Up>
          <Down>true</Down>
        </Direction>
        <Direction>
          <Up>true</Up>
          <Down>true</Down>
        </Direction>
      </Directions>
    </TalentRow>
    <TalentRow>
      <Cost>20</Cost>
      <Talents>
        <Key>ARMIMP</Key>
        <Key>CONDITIONED</Key>
        <Key>HITRUN</Key>
        <Key>DTHFRABOVE</Key>
      </Talents>
      <Directions>
        <Direction>
          <Right>true</Right>
          <Up>true</Up>
        </Direction>
        <Direction>
          <Left>true</Left>
          <Right>true</Right>
          <Up>true</Up>
          <Down>true</Down>
        </Direction>
        <Direction>
          <Left>true</Left>
          <Up>true</Up>
        </Direction>
        <Direction>
          <Up>true</Up>
        </Direction>
      </Directions>
    </TalentRow>
    <TalentRow>
      <Cost>25</Cost>
      <Talents>
        <Key>DEDI</Key>
        <Key>TOTHEDTH</Key>
        <Key>SIDESTIMP</Key>
        <Key>MOMTUM</Key>
      </Talents>
      <Directions>
        <Direction>
          <Right>true</Right>
        </Direction>
        <Direction>
          <Left>true</Left>
          <Up>true</Up>
        </Direction>
        <Direction />
        <Direction />
      </Directions>
    </TalentRow>
  </TalentRows>
  <Universal>true</Universal>
  <AddlCareerSkills>
    <Type />
  </AddlCareerSkills>
</Specialization>