<?xml version="1.0"?>
<Specialization xmlns:xsi="http://www.w3.org/2001/XMLSchema-instance" xmlns:xsd="http://www.w3.org/2001/XMLSchema">
  <Key>DOCTOR</Key>
  <Name>Doctor</Name>
  <Description>[H4]Doctor - The Gift of Healing[h4]

Of all the types of Colonists who come to the Outer Rim, Doctors probably have the easiest time finding employment. They are in high demand almost anywhere they go. Unfortunately, most of what they are asked to do involves patching up the wounds of the worst kind of beings. 

[P]The Doctor adds [B]Cool, Knowledge (Education), Medicine,[b] and [B]Resilience[b] to his Career skills. If this is the character's starting Specialization, he may choose two of these skills and gain one free rank in each, without spending starting experience. With these skills, a Doctor brings not only healing and the treatment of illnesses with him, he brings a broad spectrum of knowledge and a solid persona in the face of adversity. 

[P]Most Doctors trade their healing talents for a chance to see more of the galaxy than their time in medical school ever allowed. Their overall motives can be as varied as those of any being, yet they tend to share a common instinct to heal where there is harm. While many will simply take up residence with whatever lord, corporation, or boss will hire them, other Doctors will find a way to get out into the larger galaxy, both to bring help to those in need and to experience life in some fashion. 

[P]A Player Character Doctor is likely to be considered a kind of "combat medic" for the group; this isn't a bad thing at all, and the role will make him very popular. At the same time, a Doctor can often help with broader issues of understanding or finding things out, especially if there isn't a Scholar in the group. </Description>
  <Source Page="65">Edge of the Empire Core Rulebook</Source>
  <Custom>DescOnly</Custom>
  <CareerSkills>
    <Key>COOL</Key>
    <Key>EDU</Key>
    <Key>MED</Key>
    <Key>RESIL</Key>
  </CareerSkills>
  <TalentRows>
    <TalentRow>
      <Cost>5</Cost>
      <Talents>
        <Key>SURG</Key>
        <Key>BACT</Key>
        <Key>GRIT</Key>
        <Key>RESOLVE</Key>
      </Talents>
      <Directions>
        <Direction>
          <Down>true</Down>
        </Direction>
        <Direction />
        <Direction>
          <Down>true</Down>
        </Direction>
        <Direction />
      </Directions>
    </TalentRow>
    <TalentRow>
      <Index>1</Index>
      <Cost>10</Cost>
      <Talents>
        <Key>STIMAP</Key>
        <Key>GRIT</Key>
        <Key>SURG</Key>
        <Key>RESOLVE</Key>
      </Talents>
      <Directions>
        <Direction>
          <Right>true</Right>
          <Up>true</Up>
          <Down>true</Down>
        </Direction>
        <Direction>
          <Left>true</Left>
          <Right>true</Right>
        </Direction>
        <Direction>
          <Left>true</Left>
          <Right>true</Right>
          <Up>true</Up>
          <Down>true</Down>
        </Direction>
        <Direction>
          <Left>true</Left>
          <Down>true</Down>
        </Direction>
      </Directions>
    </TalentRow>
    <TalentRow>
      <Index>2</Index>
      <Cost>15</Cost>
      <Talents>
        <Key>SURG</Key>
        <Key>GRIT</Key>
        <Key>BACT</Key>
        <Key>PRESPNT</Key>
      </Talents>
      <Directions>
        <Direction>
          <Right>true</Right>
          <Up>true</Up>
          <Down>true</Down>
        </Direction>
        <Direction>
          <Left>true</Left>
          <Right>true</Right>
          <Down>true</Down>
        </Direction>
        <Direction>
          <Left>true</Left>
          <Up>true</Up>
          <Down>true</Down>
        </Direction>
        <Direction>
          <Up>true</Up>
          <Down>true</Down>
        </Direction>
      </Directions>
    </TalentRow>
    <TalentRow>
      <Index>3</Index>
      <Cost>20</Cost>
      <Talents>
        <Key>STIMAPIMP</Key>
        <Key>NATDOC</Key>
        <Key>TOUGH</Key>
        <Key>ANAT</Key>
      </Talents>
      <Directions>
        <Direction>
          <Up>true</Up>
          <Down>true</Down>
        </Direction>
        <Direction>
          <Up>true</Up>
          <Down>true</Down>
        </Direction>
        <Direction>
          <Up>true</Up>
          <Down>true</Down>
        </Direction>
        <Direction>
          <Up>true</Up>
          <Down>true</Down>
        </Direction>
      </Directions>
    </TalentRow>
    <TalentRow>
      <Index>4</Index>
      <Cost>25</Cost>
      <Talents>
        <Key>STIMAPSUP</Key>
        <Key>MASDOC</Key>
        <Key>DEDI</Key>
        <Key>DODGE</Key>
      </Talents>
      <Directions>
        <Direction>
          <Right>true</Right>
          <Up>true</Up>
        </Direction>
        <Direction>
          <Left>true</Left>
          <Right>true</Right>
          <Up>true</Up>
        </Direction>
        <Direction>
          <Left>true</Left>
          <Up>true</Up>
        </Direction>
        <Direction>
          <Up>true</Up>
        </Direction>
      </Directions>
    </TalentRow>
  </TalentRows>
  <AddlCareerSkills>
    <Type />
  </AddlCareerSkills>
</Specialization>