<?xml version="1.0"?>
<Specialization xmlns:xsi="http://www.w3.org/2001/XMLSchema-instance" xmlns:xsd="http://www.w3.org/2001/XMLSchema">
  <Key>FORCESENSITIVEEXILE</Key>
  <Name>Force Sensitive Exile</Name>
  <Description>
    [H4]Force Sensitive Exile[h4]

The Jedi are gone, the vast majority hunted down and destroyed by the Emperor and his minions. If any survive, they do so in hiding at the farthest edges of the galaxy. The Galactic Empire regards the ability to use the Force as a crime punishable by the harshest measures. In a few short decades, most of the galaxy has forgotten the Jedi, and dismissed the Force as an ancient religion. For many, this is by far the safest option. 

[P]However, although the Empire has purged the Jedi, not all who use the Force have been hunted down and killed. The galaxy is simply too large to track down every Force-sensitive being, and the Emperor's infamous Order 66 and the hunts that followed primarily concerned themselves with pursuing true Jedi and their descendants and allies. In the hidden corners of the galaxy, those who can touch the Force remain hidden, hunted, and outcast... but alive. 

[P]The Force Sensitive Exile specialization does not have any career skills associated with it. However, when a character purchases this specialization, he automatically receives a Force rating of 1, if he did not already have it. If he already has a Force rating of 1 or higher, it does not increase. 

[P]Although technically someone is Force sensitive from birth, it can take a great deal of time for him to realize he has this power. For this reason, the Force Sensitive Exile specialization can be taken during character creation or at any later point, just as any other specialization. 

[P]The Force Sensitive Exile is not just any Force-sensitive being; he is one who survived the purges. He may have been a young Padawan or even a minor Jedi who managed to flee the Empire and hide. He may also have been a child, hidden by friends or family. Whatever the case, he's spent the last decades in a hostile galaxy. His formal training is likely to be limited or even non-existent, and he uses his powers carefully or not at all. Even his mastery of the Force is shaped by his experiences—his powers focus more around concealment and control than flashy displays of ability.</Description>
  <Source Page="276">Edge of the Empire Core Rulebook</Source>
  <Custom>DescOnly</Custom>
  <TalentRows>
    <TalentRow>
      <Cost>5</Cost>
      <Talents>
        <Key>UNCANSENS</Key>
        <Key>INSIGHT</Key>
        <Key>FORAG</Key>
        <Key>UNCANREAC</Key>
      </Talents>
      <Directions>
        <Direction>
          <Down>true</Down>
        </Direction>
        <Direction />
        <Direction />
        <Direction>
          <Down>true</Down>
        </Direction>
      </Directions>
    </TalentRow>
    <TalentRow>
      <Index>1</Index>
      <Cost>10</Cost>
      <Talents>
        <Key>CONV</Key>
        <Key>OVEREM</Key>
        <Key>INTENSFOC</Key>
        <Key>QUICKDR</Key>
      </Talents>
      <Directions>
        <Direction>
          <Up>true</Up>
          <Down>true</Down>
        </Direction>
        <Direction>
          <Down>true</Down>
        </Direction>
        <Direction>
          <Down>true</Down>
        </Direction>
        <Direction>
          <Up>true</Up>
          <Down>true</Down>
        </Direction>
      </Directions>
    </TalentRow>
    <TalentRow>
      <Index>2</Index>
      <Cost>15</Cost>
      <Talents>
        <Key>SENSDANG</Key>
        <Key>SENSDEMO</Key>
        <Key>BAL</Key>
        <Key>TOUCH</Key>
      </Talents>
      <Directions>
        <Direction>
          <Up>true</Up>
          <Down>true</Down>
        </Direction>
        <Direction>
          <Up>true</Up>
          <Down>true</Down>
        </Direction>
        <Direction>
          <Up>true</Up>
          <Down>true</Down>
        </Direction>
        <Direction>
          <Up>true</Up>
          <Down>true</Down>
        </Direction>
      </Directions>
    </TalentRow>
    <TalentRow>
      <Index>3</Index>
      <Cost>20</Cost>
      <Talents>
        <Key>STRSMART</Key>
        <Key>UNCANSENS</Key>
        <Key>UNCANREAC</Key>
        <Key>STRSMART</Key>
      </Talents>
      <Directions>
        <Direction>
          <Right>true</Right>
          <Up>true</Up>
          <Down>true</Down>
        </Direction>
        <Direction>
          <Left>true</Left>
          <Right>true</Right>
          <Up>true</Up>
          <Down>true</Down>
        </Direction>
        <Direction>
          <Left>true</Left>
          <Right>true</Right>
          <Up>true</Up>
          <Down>true</Down>
        </Direction>
        <Direction>
          <Left>true</Left>
          <Up>true</Up>
          <Down>true</Down>
        </Direction>
      </Directions>
    </TalentRow>
    <TalentRow>
      <Index>4</Index>
      <Cost>25</Cost>
      <Talents>
        <Key>SIXSENSE</Key>
        <Key>FORCERAT</Key>
        <Key>DEDI</Key>
        <Key>SUPREF</Key>
      </Talents>
      <Directions>
        <Direction>
          <Right>true</Right>
          <Up>true</Up>
        </Direction>
        <Direction>
          <Left>true</Left>
          <Right>true</Right>
          <Up>true</Up>
        </Direction>
        <Direction>
          <Left>true</Left>
          <Right>true</Right>
          <Up>true</Up>
        </Direction>
        <Direction>
          <Left>true</Left>
          <Up>true</Up>
        </Direction>
      </Directions>
    </TalentRow>
  </TalentRows>
  <Universal>true</Universal>
  <Attributes>
    <ForceRating>1</ForceRating>
  </Attributes>
  <AddlCareerSkills>
    <Type />
  </AddlCareerSkills>
</Specialization>