<?xml version="1.0"?>
<Specialization xmlns:xsi="http://www.w3.org/2001/XMLSchema-instance" xmlns:xsd="http://www.w3.org/2001/XMLSchema">
  <Key>JEDIGEN</Key>
  <Name>General</Name>
  <Description>[H4]General[h4]
A Jedi's connection to the
Force helps them see the bigger picture and understand the larger objectives in wan Their practice controlling their fear and anger provides a powerful benefit on the battlefield  While the Jedi Council debates the Jedi's role in the war, certain Jedi step up to take on leadership positions that the Grand Army of the Republic sorely needs.[P]
The histories of the Jedi Order and Galactic Republic are inseparable. The Jedi have always been on the forefront of conflicts and wars, though not leading armies. The Clone Wars have changed this relationship, but a relative few Jedi truly embody the role of Ceneral. Generals gain the additional career
skills [B]Knowledge (Warfare), Leadership, Piloting (Planetary), and Vigilance[b]. If this   is the PC's first specialization, the PC gains one rank in each of two of these skills.
 

</Description>
  <Source Page="26">Collapse of the Republic</Source>
  <Custom>AddedItem</Custom>
  <CareerSkills>
    <Key>LEAD</Key>
    <Key>PILOTPL</Key>
    <Key>VIGIL</Key>
    <Key>WARF</Key>
  </CareerSkills>
  <TalentRows>
    <TalentRow>
      <Cost>5</Cost>
      <Talents>
        <Key>GRIT</Key>
        <Key>COMMPRES</Key>
        <Key>COM</Key>
        <Key>TOUGH</Key>
      </Talents>
      <Directions>
        <Direction />
        <Direction>
          <Down>true</Down>
        </Direction>
        <Direction>
          <Down>true</Down>
        </Direction>
        <Direction />
      </Directions>
    </TalentRow>
    <TalentRow>
      <Cost>10</Cost>
      <Talents>
        <Key>PARRY</Key>
        <Key>FALLBAK</Key>
        <Key>STANDFRM</Key>
        <Key>REFLECT</Key>
      </Talents>
      <Directions>
        <Direction>
          <Right>true</Right>
        </Direction>
        <Direction>
          <Left>true</Left>
          <Right>true</Right>
          <Up>true</Up>
          <Down>true</Down>
        </Direction>
        <Direction>
          <Left>true</Left>
          <Right>true</Right>
          <Up>true</Up>
          <Down>true</Down>
        </Direction>
        <Direction>
          <Left>true</Left>
          <Down>true</Down>
        </Direction>
      </Directions>
    </TalentRow>
    <TalentRow>
      <Cost>15</Cost>
      <Talents>
        <Key>PREINTER</Key>
        <Key>COMMPRES</Key>
        <Key>ENHLEAD</Key>
        <Key>GRIT</Key>
      </Talents>
      <Directions>
        <Direction>
          <Right>true</Right>
          <Down>true</Down>
        </Direction>
        <Direction>
          <Left>true</Left>
          <Up>true</Up>
          <Down>true</Down>
        </Direction>
        <Direction>
          <Right>true</Right>
          <Up>true</Up>
          <Down>true</Down>
        </Direction>
        <Direction>
          <Left>true</Left>
          <Up>true</Up>
          <Down>true</Down>
        </Direction>
      </Directions>
    </TalentRow>
    <TalentRow>
      <Cost>20</Cost>
      <Talents>
        <Key>TOUGH</Key>
        <Key>INSPKILL</Key>
        <Key>NATCHAMP</Key>
        <Key>STANFIRMIMP</Key>
      </Talents>
      <Directions>
        <Direction>
          <Right>true</Right>
          <Up>true</Up>
        </Direction>
        <Direction>
          <Left>true</Left>
          <Up>true</Up>
          <Down>true</Down>
        </Direction>
        <Direction>
          <Right>true</Right>
          <Up>true</Up>
          <Down>true</Down>
        </Direction>
        <Direction>
          <Left>true</Left>
          <Up>true</Up>
          <Down>true</Down>
        </Direction>
      </Directions>
    </TalentRow>
    <TalentRow>
      <Cost>25</Cost>
      <Talents>
        <Key>DEDI</Key>
        <Key>KNOWSTR</Key>
        <Key>FORCERAT</Key>
        <Key>EXEMPREP</Key>
      </Talents>
      <Directions>
        <Direction>
          <Right>true</Right>
        </Direction>
        <Direction>
          <Left>true</Left>
          <Right>true</Right>
          <Up>true</Up>
        </Direction>
        <Direction>
          <Left>true</Left>
          <Right>true</Right>
          <Up>true</Up>
        </Direction>
        <Direction>
          <Left>true</Left>
          <Up>true</Up>
        </Direction>
      </Directions>
    </TalentRow>
  </TalentRows>
  <Attributes>
    <Requirement>
      <MinForceRating>2</MinForceRating>
    </Requirement>
  </Attributes>
  <AddlCareerSkills>
    <Type />
  </AddlCareerSkills>
</Specialization>