<?xml version="1.0"?>
<Specialization xmlns:xsi="http://www.w3.org/2001/XMLSchema-instance" xmlns:xsd="http://www.w3.org/2001/XMLSchema">
  <Key>HUNTER</Key>
  <Name>Hunter</Name>
  <Description>[H4]Hunter[h4]

Far from the civilized parts of the galaxy, there are many predators that can endanger sentient life. Some of these are animals that prey upon anything digestible. Others are malicious and twisted individuals who enjoy a savage and bloodthirsty existence. Hunters are Force adepts who are uniquely capable of tracking, confronting, and slaying these creatures, particularly those who hide in the wilds, far from civilization. 

[P]Hunters acquire [B]Coordination, Ranged (Heavy), Stealth,[b] and [B]Vigilance[b] as additional career skills. If this is the PC's starting specialization, he chooses two of these skills and gains one free rank in each. These ranks do not cost experience. Hunters need to be able to sneak up on their targets, move through difficult terrain, and be constantly alert to their surroundings. Many hunters train with ranged weapons so that they can strike their targets from far away. 

[P]Most Hunters initially embark upon their careers focused on animal prey. Few, however, engage in this practice out of a desire to prove their mettle or a thirst for blood. Rather, their connection to the Force often lets them differentiate between predators that hunt out of necessity from those that are actively malicious. A Hunter does not normally interfere in the natural cycle of life, but he's more than willing to restore balance by eliminating a predator that kills needlessly and destroys natural habitats. Sadly, these foul and twisted animalistic intelligences also have their parallels within sentient beings. All too often, a Hunter finds himself hunting intelligent quarry; this can prove to be the most dangerous game of all.</Description>
  <Source Page="88">Force and Destiny Core Rulebook</Source>
  <Custom>DescOnly</Custom>
  <CareerSkills>
    <Key>COORD</Key>
    <Key>RANGHVY</Key>
    <Key>STEAL</Key>
    <Key>VIGIL</Key>
  </CareerSkills>
  <TalentRows>
    <TalentRow>
      <Cost>5</Cost>
      <Talents>
        <Key>RAPREC</Key>
        <Key>HUNT</Key>
        <Key>EXTRACK</Key>
        <Key>TOUGH</Key>
      </Talents>
      <Directions>
        <Direction>
          <Down>true</Down>
        </Direction>
        <Direction>
          <Down>true</Down>
        </Direction>
        <Direction>
          <Down>true</Down>
        </Direction>
        <Direction />
      </Directions>
    </TalentRow>
    <TalentRow>
      <Cost>10</Cost>
      <Talents>
        <Key>TOUGH</Key>
        <Key>EXTRACK</Key>
        <Key>HUNT</Key>
        <Key>UNCANSENS</Key>
      </Talents>
      <Directions>
        <Direction>
          <Right>true</Right>
          <Up>true</Up>
        </Direction>
        <Direction>
          <Left>true</Left>
          <Up>true</Up>
          <Down>true</Down>
        </Direction>
        <Direction>
          <Right>true</Right>
          <Up>true</Up>
          <Down>true</Down>
        </Direction>
        <Direction>
          <Left>true</Left>
        </Direction>
      </Directions>
    </TalentRow>
    <TalentRow>
      <Cost>15</Cost>
      <Talents>
        <Key>SIDESTEP</Key>
        <Key>KEENEYED</Key>
        <Key>NATHUN</Key>
        <Key>UNCANREAC</Key>
      </Talents>
      <Directions>
        <Direction>
          <Down>true</Down>
        </Direction>
        <Direction>
          <Right>true</Right>
          <Up>true</Up>
          <Down>true</Down>
        </Direction>
        <Direction>
          <Left>true</Left>
          <Right>true</Right>
          <Up>true</Up>
        </Direction>
        <Direction>
          <Left>true</Left>
          <Down>true</Down>
        </Direction>
      </Directions>
    </TalentRow>
    <TalentRow>
      <Cost>20</Cost>
      <Talents>
        <Key>RAPREC</Key>
        <Key>SOFTSP</Key>
        <Key>SIXSENSE</Key>
        <Key>RAPREC</Key>
      </Talents>
      <Directions>
        <Direction>
          <Right>true</Right>
          <Up>true</Up>
          <Down>true</Down>
        </Direction>
        <Direction>
          <Left>true</Left>
          <Up>true</Up>
          <Down>true</Down>
        </Direction>
        <Direction>
          <Right>true</Right>
          <Down>true</Down>
        </Direction>
        <Direction>
          <Left>true</Left>
          <Up>true</Up>
          <Down>true</Down>
        </Direction>
      </Directions>
    </TalentRow>
    <TalentRow>
      <Cost>25</Cost>
      <Talents>
        <Key>SIDESTEP</Key>
        <Key>DEDI</Key>
        <Key>INTUITSHOT</Key>
        <Key>FORCERAT</Key>
      </Talents>
      <Directions>
        <Direction>
          <Up>true</Up>
        </Direction>
        <Direction>
          <Right>true</Right>
          <Up>true</Up>
        </Direction>
        <Direction>
          <Left>true</Left>
          <Right>true</Right>
          <Up>true</Up>
        </Direction>
        <Direction>
          <Left>true</Left>
          <Up>true</Up>
        </Direction>
      </Directions>
    </TalentRow>
  </TalentRows>
  <AddlCareerSkills>
    <Type />
  </AddlCareerSkills>
</Specialization>