<?xml version="1.0"?>
<Specialization xmlns:xsi="http://www.w3.org/2001/XMLSchema-instance" xmlns:xsd="http://www.w3.org/2001/XMLSchema">
  <Key>JEDIMASTER</Key>
  <Name>Master</Name>
  <Description>[H4]Master[h4]
A Jedi cannot ignore the binding principle that connects the galaxy, especially at a time of war. While a civilian may not see any utility in silent contemplation of the Force, a Master understands that wisdom can come from anywhere and everywhere. Although the title of "Master" requires the approval of the Jedi Council, this  specialization covers overall wisdom, self-reflection, and mastery of the Force. A true Jedi Master requires no for mal title. The Force recognizes their ability.[P]
Masters gain the career skills [B]Charm, Knowledge (Core Worlds), Knowledge (Education), and Perception[b]. These skills reflect a Master's inner control and search for knowledge and self-understanding. They also represent a Master's responsibility to teach both Jedi and non-Jedi how to understand themselves and act in accordance with that knowledge. Masters meditate, instruct, formerly in classrooms or informally in conversation and seek out ancient texts
 

</Description>
  <Source Page="27">Collapse of the Republic</Source>
  <Custom>AddedItem</Custom>
  <CareerSkills>
    <Key>CHARM</Key>
    <Key>CORE</Key>
    <Key>EDU</Key>
    <Key>PERC</Key>
  </CareerSkills>
  <TalentRows>
    <TalentRow>
      <Cost>5</Cost>
      <Talents>
        <Key>CONF</Key>
        <Key>NOBFOOL</Key>
        <Key>RESEARCH</Key>
        <Key>CENTBEING</Key>
      </Talents>
      <Directions>
        <Direction>
          <Down>true</Down>
        </Direction>
        <Direction>
          <Down>true</Down>
        </Direction>
        <Direction>
          <Down>true</Down>
        </Direction>
        <Direction>
          <Down>true</Down>
        </Direction>
      </Directions>
    </TalentRow>
    <TalentRow>
      <Cost>10</Cost>
      <Talents>
        <Key>CONFIMP</Key>
        <Key>NOBFOOLIMP</Key>
        <Key>RESEARCHIMP</Key>
        <Key>CENTBEING</Key>
      </Talents>
      <Directions>
        <Direction>
          <Right>true</Right>
          <Up>true</Up>
          <Down>true</Down>
        </Direction>
        <Direction>
          <Left>true</Left>
          <Right>true</Right>
          <Up>true</Up>
          <Down>true</Down>
        </Direction>
        <Direction>
          <Left>true</Left>
          <Right>true</Right>
          <Up>true</Up>
          <Down>true</Down>
        </Direction>
        <Direction>
          <Left>true</Left>
          <Up>true</Up>
          <Down>true</Down>
        </Direction>
      </Directions>
    </TalentRow>
    <TalentRow>
      <Cost>15</Cost>
      <Talents>
        <Key>FLOWTHINGS</Key>
        <Key>FORCEALLY</Key>
        <Key>SUMDJEM</Key>
        <Key>CENTBEINGIMP</Key>
      </Talents>
      <Directions>
        <Direction>
          <Right>true</Right>
          <Up>true</Up>
          <Down>true</Down>
        </Direction>
        <Direction>
          <Left>true</Left>
          <Up>true</Up>
          <Down>true</Down>
        </Direction>
        <Direction>
          <Right>true</Right>
          <Up>true</Up>
        </Direction>
        <Direction>
          <Left>true</Left>
          <Up>true</Up>
          <Down>true</Down>
        </Direction>
      </Directions>
    </TalentRow>
    <TalentRow>
      <Cost>20</Cost>
      <Talents>
        <Key>BOUNDTOG</Key>
        <Key>POWERALLY</Key>
        <Key>DEDI</Key>
        <Key>FOREWARN</Key>
      </Talents>
      <Directions>
        <Direction>
          <Up>true</Up>
          <Down>true</Down>
        </Direction>
        <Direction>
          <Up>true</Up>
          <Down>true</Down>
        </Direction>
        <Direction>
          <Down>true</Down>
        </Direction>
        <Direction>
          <Up>true</Up>
          <Down>true</Down>
        </Direction>
      </Directions>
    </TalentRow>
    <TalentRow>
      <Cost>25</Cost>
      <Talents>
        <Key>MASTERORDER</Key>
        <Key>THERETRY</Key>
        <Key>FORCERAT</Key>
        <Key>CENTERSUPR</Key>
      </Talents>
      <Directions>
        <Direction>
          <Right>true</Right>
          <Up>true</Up>
        </Direction>
        <Direction>
          <Left>true</Left>
          <Right>true</Right>
          <Up>true</Up>
        </Direction>
        <Direction>
          <Left>true</Left>
          <Right>true</Right>
          <Up>true</Up>
        </Direction>
        <Direction>
          <Left>true</Left>
          <Up>true</Up>
        </Direction>
      </Directions>
    </TalentRow>
  </TalentRows>
  <Attributes>
    <Requirement>
      <MinForceRating>3</MinForceRating>
    </Requirement>
  </Attributes>
  <AddlCareerSkills>
    <Type />
  </AddlCareerSkills>
</Specialization>