<?xml version="1.0"?>
<Specialization xmlns:xsi="http://www.w3.org/2001/XMLSchema-instance" xmlns:xsd="http://www.w3.org/2001/XMLSchema">
  <Key>OUTLAW</Key>
  <Name>Outlaw Tech</Name>
  <Description>[H4]Outlaw Tech - Making Things Better[h4]

[P]Outlaw Techs are the specialists others call on when they want something out of the ordinary. A blaster that works beyond factory tolerances? No problem. A transponder that identifies a smuggler's freighter as a religious pilgrimage craft? It'll cost a few credits, but sure. A protocol droid altered to carry out an assassination? Just how big is that credit line, anyway? 

[P]The Outlaw Tech adds the following to his available career skills: [B]Knowledge (Education), Knowledge (Underworld), Mechanics,[b] and [B]Streetwise[b]. If this is the character's starting Specialization, he may choose two of these skills and gain one free rank in each, without spending starting experience. This gives him the opportunity to have two starting ranks in Mechanics, if he also chooses that as one of his free starting career skill ranks. With his talents, the Outlaw Tech is adept at doing fantastic things with technology that he probably shouldn't. He's also tough, clever, and adaptable. 

[P]Outlaw Techs find the Outer Rim very comfortable. They're able to practice their unique style of work with far less chance of running afoul of Imperial agents or other repressive government restrictions. They also find it far easier to make the contacts and get the kinds of customers that really appreciate their services. Of course, it's a lot harder to get true state-of-the-art equipment, but making do with what's on hand is a specialty of the Outlaw Tech. 

[P]Outlaw Techs in a Player Character group will be highly prized, especially for their ability to make all kinds of improvements on other characters' gear. They are also adept at keeping ships and vehicles operational, and in some situations, they're as handy at acquiring certain goods as some Explorers. Without a Smuggler in the group, an Outlaw Tech may be the best bet for dealing with the local black markets.</Description>
  <Source Page="90">Edge of the Empire Core Rulebook</Source>
  <Custom>DescOnly</Custom>
  <CareerSkills>
    <Key>EDU</Key>
    <Key>UND</Key>
    <Key>MECH</Key>
    <Key>SW</Key>
  </CareerSkills>
  <TalentRows>
    <TalentRow>
      <Cost>5</Cost>
      <Talents>
        <Key>TINK</Key>
        <Key>UTINNI</Key>
        <Key>SPKBIN</Key>
        <Key>TINK</Key>
      </Talents>
      <Directions>
        <Direction>
          <Down>true</Down>
        </Direction>
        <Direction>
          <Down>true</Down>
        </Direction>
        <Direction>
          <Down>true</Down>
        </Direction>
        <Direction>
          <Down>true</Down>
        </Direction>
      </Directions>
    </TalentRow>
    <TalentRow>
      <Index>1</Index>
      <Cost>10</Cost>
      <Talents>
        <Key>SOLREP</Key>
        <Key>GRIT</Key>
        <Key>UTINNI</Key>
        <Key>TOUGH</Key>
      </Talents>
      <Directions>
        <Direction>
          <Right>true</Right>
          <Up>true</Up>
          <Down>true</Down>
        </Direction>
        <Direction>
          <Left>true</Left>
          <Right>true</Right>
          <Up>true</Up>
          <Down>true</Down>
        </Direction>
        <Direction>
          <Left>true</Left>
          <Right>true</Right>
          <Up>true</Up>
          <Down>true</Down>
        </Direction>
        <Direction>
          <Left>true</Left>
          <Up>true</Up>
          <Down>true</Down>
        </Direction>
      </Directions>
    </TalentRow>
    <TalentRow>
      <Index>2</Index>
      <Cost>15</Cost>
      <Talents>
        <Key>UTIL</Key>
        <Key>SIDESTEP</Key>
        <Key>BRA</Key>
        <Key>DEFSTA</Key>
      </Talents>
      <Directions>
        <Direction>
          <Right>true</Right>
          <Up>true</Up>
          <Down>true</Down>
        </Direction>
        <Direction>
          <Left>true</Left>
          <Right>true</Right>
          <Up>true</Up>
          <Down>true</Down>
        </Direction>
        <Direction>
          <Left>true</Left>
          <Right>true</Right>
          <Up>true</Up>
          <Down>true</Down>
        </Direction>
        <Direction>
          <Left>true</Left>
          <Up>true</Up>
          <Down>true</Down>
        </Direction>
      </Directions>
    </TalentRow>
    <TalentRow>
      <Index>3</Index>
      <Cost>20</Cost>
      <Talents>
        <Key>JURY</Key>
        <Key>SPKBIN</Key>
        <Key>INVENT</Key>
        <Key>JURY</Key>
      </Talents>
      <Directions>
        <Direction>
          <Right>true</Right>
          <Up>true</Up>
          <Down>true</Down>
        </Direction>
        <Direction>
          <Left>true</Left>
          <Right>true</Right>
          <Up>true</Up>
        </Direction>
        <Direction>
          <Left>true</Left>
          <Up>true</Up>
          <Down>true</Down>
        </Direction>
        <Direction>
          <Up>true</Up>
          <Down>true</Down>
        </Direction>
      </Directions>
    </TalentRow>
    <TalentRow>
      <Index>4</Index>
      <Cost>25</Cost>
      <Talents>
        <Key>INVENT</Key>
        <Key>DEDI</Key>
        <Key>KNOWSCH</Key>
        <Key>BRA</Key>
      </Talents>
      <Directions>
        <Direction>
          <Right>true</Right>
          <Up>true</Up>
        </Direction>
        <Direction>
          <Left>true</Left>
        </Direction>
        <Direction>
          <Right>true</Right>
          <Up>true</Up>
        </Direction>
        <Direction>
          <Left>true</Left>
          <Up>true</Up>
        </Direction>
      </Directions>
    </TalentRow>
  </TalentRows>
  <AddlCareerSkills>
    <Type />
  </AddlCareerSkills>
</Specialization>