<?xml version="1.0"?>
<Specialization xmlns:xsi="http://www.w3.org/2001/XMLSchema-instance" xmlns:xsd="http://www.w3.org/2001/XMLSchema">
  <Key>PADAWAN</Key>
  <Name>Padawan</Name>
  <Description>[H4]Padawan[h4]
"Padawan" means "learner," suggesting a deep philosophical foundation, encouraging Jedi to continually strive to learn and understand. A Padawan studies not only facts and information, but also the ideas of fluidity and flexibility, and the act of learning itself, so as to be open to understanding. Some Jedi scholars consider "Padawan" to be a state of mind rather than a title. Many a Knight has found themself revisiting the path of the Padawan to recover the balance they lost or never really had in the first place.[P]
Padawans receive [B]Coordination, Knowledge (Education), Mechanics[b], and[B] Vigilance[b] as additional career skills. Characters who select this as their starting specialization may choose two of these skills and gain one free rank in each without spending starting experience. These skills reflect the fundamental nature of a Padawan's training. At their foundation, Jedi rely on control, focus, and knowledge.
</Description>
  <Source Page="27">Rise of the Separatists</Source>
  <Custom>DescOnly</Custom>
  <CareerSkills>
    <Key>COORD</Key>
    <Key>EDU</Key>
    <Key>MECH</Key>
    <Key>VIGIL</Key>
  </CareerSkills>
  <TalentRows>
    <TalentRow>
      <Cost>5</Cost>
      <Talents>
        <Key>PARRY</Key>
        <Key>TOUGH</Key>
        <Key>QUICKDR</Key>
        <Key>GRIT</Key>
      </Talents>
      <Directions>
        <Direction>
          <Down>true</Down>
        </Direction>
        <Direction />
        <Direction>
          <Down>true</Down>
        </Direction>
        <Direction />
      </Directions>
    </TalentRow>
    <TalentRow>
      <Cost>10</Cost>
      <Talents>
        <Key>TOUGH</Key>
        <Key>REFLECT</Key>
        <Key>WELLROUND</Key>
        <Key>SENSDANG</Key>
      </Talents>
      <Directions>
        <Direction>
          <Right>true</Right>
          <Up>true</Up>
          <Down>true</Down>
        </Direction>
        <Direction>
          <Left>true</Left>
          <Right>true</Right>
        </Direction>
        <Direction>
          <Left>true</Left>
          <Right>true</Right>
          <Up>true</Up>
          <Down>true</Down>
        </Direction>
        <Direction>
          <Left>true</Left>
          <Down>true</Down>
        </Direction>
      </Directions>
    </TalentRow>
    <TalentRow>
      <Cost>15</Cost>
      <Talents>
        <Key>PARRY</Key>
        <Key>LEARNOPP</Key>
        <Key>VALFACT</Key>
        <Key>FORCERAT</Key>
      </Talents>
      <Directions>
        <Direction>
          <Right>true</Right>
          <Up>true</Up>
        </Direction>
        <Direction>
          <Left>true</Left>
          <Down>true</Down>
        </Direction>
        <Direction>
          <Right>true</Right>
          <Up>true</Up>
        </Direction>
        <Direction>
          <Left>true</Left>
          <Up>true</Up>
          <Down>true</Down>
        </Direction>
      </Directions>
    </TalentRow>
    <TalentRow>
      <Cost>20</Cost>
      <Talents>
        <Key>REFLECT</Key>
        <Key>GRIT</Key>
        <Key>SOMEPROVE</Key>
        <Key>ADAPTBL</Key>
      </Talents>
      <Directions>
        <Direction>
          <Right>true</Right>
          <Down>true</Down>
        </Direction>
        <Direction>
          <Left>true</Left>
          <Up>true</Up>
          <Down>true</Down>
        </Direction>
        <Direction>
          <Right>true</Right>
        </Direction>
        <Direction>
          <Left>true</Left>
          <Up>true</Up>
          <Down>true</Down>
        </Direction>
      </Directions>
    </TalentRow>
    <TalentRow>
      <Cost>25</Cost>
      <Talents>
        <Key>BEGLUCK</Key>
        <Key>TEMPLETR</Key>
        <Key>SINFLAT</Key>
        <Key>DEDI</Key>
      </Talents>
      <Directions>
        <Direction>
          <Right>true</Right>
          <Up>true</Up>
        </Direction>
        <Direction>
          <Left>true</Left>
          <Right>true</Right>
          <Up>true</Up>
        </Direction>
        <Direction>
          <Left>true</Left>
          <Right>true</Right>
        </Direction>
        <Direction>
          <Left>true</Left>
          <Up>true</Up>
        </Direction>
      </Directions>
    </TalentRow>
  </TalentRows>
  <AddlCareerSkills>
    <Type />
  </AddlCareerSkills>
</Specialization>