<?xml version="1.0"?>
<Specialization xmlns:xsi="http://www.w3.org/2001/XMLSchema-instance" xmlns:xsd="http://www.w3.org/2001/XMLSchema">
  <Key>PIRATE</Key>
  <Name>Pirate</Name>
  <Description>[H4]Pirate - Nefarious Opportunists[h4]
Pirates care about helping themselves, and they do not care how they do it. They'll lead a crew to attack well-stocked spaceships. They'll rescue a naive idealist to steal contraband so they can sell it at a profit. Some Pirates have even seen that there are greater potential reqards-such as ending the ever increasing Imperial stranglehold over their independance-in working as somewhat-reliable rebels.
[P]The additional career skills a PC receives when taking the Pirate universal specialization are [B]Coercion, Deception, Knowledge (Underworld),[b] and [B]Skulduggery[b]. These PCs know the galaxy is a dangerous and unforgiving place, and are always ready to exploit this fact and make serious credits.
[P]For these cunning "entrepreneurs" unafraid to break a few rules, take some risks and resort to violence, anyone else's gains can become their own. The first law of piracy is that everything belongs to whomever can take it. However, this is an honorable profession; it's just business, and never personal. At least, it isn't until someone else makes it personal.
[P]While Pirates work for their own gain, the best opportunists require at least temporary support. Inside contacts, talented slicers, and reliable pilots can be invaluable-as are plenty of hired muscle to back up threats. Skilled Pirates are adept at manipulating those they work with (and anyone in their way) to achieve their goals, often via coercion and leveraging their dangerous reputations. Some might never need to fire a blaster, such is their terrifying renown, while others delight in violence that normal society does not allow.
[P]Unrestricted by standard conventions of right and wrong, the methods that Pirates use can vary wildly. Taking what they want is easy when no one else is left standing, so violence is frequently a first resort. If violence alone can't work, or is impractical, they rely on cunning. Pirates might propose mututally beneficial agreements to secure assets essential to completing a job. Whether or not the deals are balanced or the Pirates even hold up their end is of little concern to them. This doesn't mean that come Pirates won't develop long-term arrangements, but often both parties are aware that such deals are strong only as long as both sides profit handsomely. Even so, most Pirates value their independance too much to be tied down for long, even to lucrative outsiders.
[P]Regardless, Pirates sometimes find themselves aiding fledging anti-Imperial cells. These desperate, outnumbered bands have few legal options for support. Many come to rely on the experience of Pirates for help-especially in learning how to survive outside the law and in finding unsavoury but useful contacts. What might start as purely business dealings can grow to a more lasting association over exciting times, shared conflicts, and a few bottles of something jointly stolen. Whether a band of Pirates commits to a group of rebels for profit, shared aggression against the Empire, or pure boredom may never be known, but Pirates aid can keep such groups alive and fighting long after others have fallen.
[P]Pirates can be duplicitous, conniving, violent con-artists, but they are almost always effective. Whether they are finding criminally-profitable jobs or manipulating their own comrades to make them more effective against the Empire, Pirates are constantly twisting situations to gain the most benefit. They almost always focus the benefit for themselves first, but sometimes it can spill over to their allies.</Description>
  <Source Page="104">Dawn of Rebellion</Source>
  <Custom>AddedItem</Custom>
  <CareerSkills>
    <Key>COERC</Key>
    <Key>DECEP</Key>
    <Key>SKUL</Key>
    <Key>UND</Key>
  </CareerSkills>
  <TalentRows>
    <TalentRow>
      <Cost>5</Cost>
      <Talents>
        <Key>BLA</Key>
        <Key>TOUGH</Key>
        <Key>QUICKDR</Key>
        <Key>KNOWROPES</Key>
      </Talents>
      <Directions>
        <Direction>
          <Down>true</Down>
        </Direction>
        <Direction />
        <Direction />
        <Direction>
          <Down>true</Down>
        </Direction>
      </Directions>
    </TalentRow>
    <TalentRow>
      <Cost>10</Cost>
      <Talents>
        <Key>GREASE</Key>
        <Key>TOUGH</Key>
        <Key>FEARREP</Key>
        <Key>COMMPRES</Key>
      </Talents>
      <Directions>
        <Direction>
          <Right>true</Right>
          <Up>true</Up>
          <Down>true</Down>
        </Direction>
        <Direction>
          <Left>true</Left>
          <Right>true</Right>
          <Down>true</Down>
        </Direction>
        <Direction>
          <Left>true</Left>
          <Right>true</Right>
          <Down>true</Down>
        </Direction>
        <Direction>
          <Left>true</Left>
          <Up>true</Up>
          <Down>true</Down>
        </Direction>
      </Directions>
    </TalentRow>
    <TalentRow>
      <Cost>15</Cost>
      <Talents>
        <Key>BLA</Key>
        <Key>DOUBLETALK</Key>
        <Key>STRSMART</Key>
        <Key>INTIM</Key>
      </Talents>
      <Directions>
        <Direction>
          <Right>true</Right>
          <Up>true</Up>
          <Down>true</Down>
        </Direction>
        <Direction>
          <Left>true</Left>
          <Up>true</Up>
          <Down>true</Down>
        </Direction>
        <Direction>
          <Right>true</Right>
          <Up>true</Up>
        </Direction>
        <Direction>
          <Left>true</Left>
          <Up>true</Up>
          <Down>true</Down>
        </Direction>
      </Directions>
    </TalentRow>
    <TalentRow>
      <Cost>20</Cost>
      <Talents>
        <Key>FEARREP</Key>
        <Key>INTENSPRE</Key>
        <Key>COMMPRES</Key>
        <Key>STNERV</Key>
      </Talents>
      <Directions>
        <Direction>
          <Right>true</Right>
          <Up>true</Up>
        </Direction>
        <Direction>
          <Left>true</Left>
          <Up>true</Up>
          <Down>true</Down>
        </Direction>
        <Direction>
          <Right>true</Right>
          <Down>true</Down>
        </Direction>
        <Direction>
          <Left>true</Left>
          <Up>true</Up>
        </Direction>
      </Directions>
    </TalentRow>
    <TalentRow>
      <Cost>25</Cost>
      <Talents>
        <Key>PREPBOARD</Key>
        <Key>ALTDEAL</Key>
        <Key>NATROG</Key>
        <Key>DEDI</Key>
      </Talents>
      <Directions>
        <Direction>
          <Right>true</Right>
        </Direction>
        <Direction>
          <Left>true</Left>
          <Right>true</Right>
          <Up>true</Up>
        </Direction>
        <Direction>
          <Left>true</Left>
          <Right>true</Right>
          <Up>true</Up>
        </Direction>
        <Direction>
          <Left>true</Left>
        </Direction>
      </Directions>
    </TalentRow>
  </TalentRows>
  <Universal>true</Universal>
  <AddlCareerSkills>
    <Type />
  </AddlCareerSkills>
</Specialization>