<?xml version="1.0"?>
<Specialization xmlns:xsi="http://www.w3.org/2001/XMLSchema-instance" xmlns:xsd="http://www.w3.org/2001/XMLSchema">
  <Key>QUARTERMASTER</Key>
  <Name>Quartermaster</Name>
  <Description>
    [H4]Quartermaster - Managing the Resources[h4]

An old military saying goes something like this—"Empty stomachs make for poor soldiers." The Quartermaster's job is to ensure this doesn't happen to the troops he supports. He also must ensure that weapons, ammunition, medical supplies, and everything else needed gets where it should be and into the right hands. Managing the flow of logistics is one of the most difficult tasks in any military organization, and the Quartermaster is the master of it. 
[P]Quartermasters gain [B]Computers, Negotiation, Skulduggery,[b] and [B]Vigilance[b] as additional career skills. If this is a PC's first specialization, two of these four skills begin with a free rank each. Searching and manipulating data to their unit's benefit is a trick many Quartermasters employ, as is finding (and stealing) necessary resources when the cupboards are otherwise bare. Anyone involved in supply is inherently enamored of preparedness at all times. 

[P]The greatest commanders in any military place extraordinary emphasis on supply, relying heavily on their Quartermasters to see to it that logistical needs are met at all times. An otherwise-successful campaign will come to a screeching halt, perhaps even degrading into a terrible rout, if supply lines are not maintained and the warriors engaged with the enemy lose access to food, ammunition, and other vital needs. The Quartermaster understands the unique and challenging puzzle of finding, securing, and moving assets, and he seeks to fulfill his unit's needs no matter what is required.

One of the greatest challenges for the Alliance is that of supply; the best Quartermasters in service to the Rebellion are indispensable assets. As long as other Alliance units are not endangered by their actions, Quartermasters are given great leeway in their methods for acquiring needed resources and getting them to the front lines. Many of the best Quartermasters indulge in more than a little larceny, often targeting criminal organizations and even the Empire itself to get what they need.</Description>
  <Source Page="81">Age of Rebellion Core Rulebook</Source>
  <Custom>DescOnly</Custom>
  <CareerSkills>
    <Key>COMP</Key>
    <Key>NEG</Key>
    <Key>SKUL</Key>
    <Key>VIGIL</Key>
  </CareerSkills>
  <TalentRows>
    <TalentRow>
      <Cost>5</Cost>
      <Talents>
        <Key>KNOWSOM</Key>
        <Key>SMOOTHTALK</Key>
        <Key>WHEEL</Key>
        <Key>GRIT</Key>
      </Talents>
      <Directions>
        <Direction>
          <Down>true</Down>
        </Direction>
        <Direction />
        <Direction />
        <Direction>
          <Down>true</Down>
        </Direction>
      </Directions>
    </TalentRow>
    <TalentRow>
      <Index>1</Index>
      <Cost>10</Cost>
      <Talents>
        <Key>SMOOTHTALK</Key>
        <Key>GREASE</Key>
        <Key>MASMERC</Key>
        <Key>TOUGH</Key>
      </Talents>
      <Directions>
        <Direction>
          <Up>true</Up>
          <Down>true</Down>
        </Direction>
        <Direction>
          <Right>true</Right>
          <Down>true</Down>
        </Direction>
        <Direction>
          <Left>true</Left>
          <Down>true</Down>
        </Direction>
        <Direction>
          <Up>true</Up>
          <Down>true</Down>
        </Direction>
      </Directions>
    </TalentRow>
    <TalentRow>
      <Index>2</Index>
      <Cost>15</Cost>
      <Talents>
        <Key>GRIT</Key>
        <Key>WHEEL</Key>
        <Key>BOUGHT</Key>
        <Key>GRIT</Key>
      </Talents>
      <Directions>
        <Direction>
          <Up>true</Up>
          <Down>true</Down>
        </Direction>
        <Direction>
          <Right>true</Right>
          <Up>true</Up>
          <Down>true</Down>
        </Direction>
        <Direction>
          <Left>true</Left>
          <Up>true</Up>
          <Down>true</Down>
        </Direction>
        <Direction>
          <Up>true</Up>
          <Down>true</Down>
        </Direction>
      </Directions>
    </TalentRow>
    <TalentRow>
      <Index>3</Index>
      <Cost>20</Cost>
      <Talents>
        <Key>KNOWSOM</Key>
        <Key>SOUNDINV</Key>
        <Key>SOUNDINV</Key>
        <Key>INTENSFOC</Key>
      </Talents>
      <Directions>
        <Direction>
          <Right>true</Right>
          <Up>true</Up>
          <Down>true</Down>
        </Direction>
        <Direction>
          <Left>true</Left>
          <Right>true</Right>
          <Up>true</Up>
        </Direction>
        <Direction>
          <Left>true</Left>
          <Up>true</Up>
        </Direction>
        <Direction>
          <Up>true</Up>
          <Down>true</Down>
        </Direction>
      </Directions>
    </TalentRow>
    <TalentRow>
      <Index>4</Index>
      <Cost>25</Cost>
      <Talents>
        <Key>DEDI</Key>
        <Key>NATNEG</Key>
        <Key>SUPREF</Key>
        <Key>TOUGH</Key>
      </Talents>
      <Directions>
        <Direction>
          <Right>true</Right>
          <Up>true</Up>
        </Direction>
        <Direction>
          <Left>true</Left>
        </Direction>
        <Direction>
          <Right>true</Right>
        </Direction>
        <Direction>
          <Left>true</Left>
          <Up>true</Up>
        </Direction>
      </Directions>
    </TalentRow>
  </TalentRows>
  <AddlCareerSkills>
    <Type />
  </AddlCareerSkills>
</Specialization>