<?xml version="1.0"?>
<Specialization xmlns:xsi="http://www.w3.org/2001/XMLSchema-instance" xmlns:xsd="http://www.w3.org/2001/XMLSchema">
  <Key>SAGE</Key>
  <Name>Sage</Name>
  <Description>[H4]Sage[h4]

Many Consulars know the universal truth: knowledge is power, and understanding a situation can give one a decisive advantage. This holds just as true when resolving disputes or negotiations as it does on the battlefield. A Sage focuses on studying the world around him, recognizing that information offers tremendous advantages to himself and his allies. He then uses that power to help change the hearts and minds of others to achieve his goals. 

[P]Equal parts scholar and diplomat, Sages gain the additional career skills [B]Astrogation, Charm, Cool,[b] and [B]Knowledge (Lore)[b]. If this is a PC's first specialization, the PC gains one rank in each of two of these skills. Sages see knowledge and understanding as the basis for long-term peace and harmony. It is their belief that hatred often springs from ignorance. When a sentient comes to appreciate the backgrounds of another being's beliefs and practices, it becomes far easier not only accept that being but to feel compassion for him. 
[P]Some researchers may become lost in their academic pursuits, obsessing over dry facts while blind to the plight of the weak and helpless. Not so a Sage, who maintains connections to those around him via the Living Force. The Force provides a means of grounding Sages' studies so that they keep what they learn in perspective, always mindful of how they can use their knowledge to help others.</Description>
  <Source Page="71">Force and Destiny Core Rulebook</Source>
  <Custom>DescOnly</Custom>
  <CareerSkills>
    <Key>ASTRO</Key>
    <Key>CHARM</Key>
    <Key>COOL</Key>
    <Key>LORE</Key>
  </CareerSkills>
  <TalentRows>
    <TalentRow>
      <Cost>5</Cost>
      <Talents>
        <Key>GRIT</Key>
        <Key>KILL</Key>
        <Key>RESEARCH</Key>
        <Key>GRIT</Key>
      </Talents>
      <Directions>
        <Direction />
        <Direction>
          <Down>true</Down>
        </Direction>
        <Direction>
          <Down>true</Down>
        </Direction>
        <Direction />
      </Directions>
    </TalentRow>
    <TalentRow>
      <Cost>10</Cost>
      <Talents>
        <Key>SMOOTHTALK</Key>
        <Key>RESEARCH</Key>
        <Key>CONF</Key>
        <Key>KNOWSPEC</Key>
      </Talents>
      <Directions>
        <Direction>
          <Right>true</Right>
        </Direction>
        <Direction>
          <Left>true</Left>
          <Right>true</Right>
          <Up>true</Up>
          <Down>true</Down>
        </Direction>
        <Direction>
          <Left>true</Left>
          <Right>true</Right>
          <Up>true</Up>
          <Down>true</Down>
        </Direction>
        <Direction>
          <Left>true</Left>
        </Direction>
      </Directions>
    </TalentRow>
    <TalentRow>
      <Cost>15</Cost>
      <Talents>
        <Key>VALFACT</Key>
        <Key>SMOOTHTALK</Key>
        <Key>KNOWSPEC</Key>
        <Key>ONEUNI</Key>
      </Talents>
      <Directions>
        <Direction>
          <Right>true</Right>
        </Direction>
        <Direction>
          <Left>true</Left>
          <Up>true</Up>
          <Down>true</Down>
        </Direction>
        <Direction>
          <Right>true</Right>
          <Up>true</Up>
          <Down>true</Down>
        </Direction>
        <Direction>
          <Left>true</Left>
        </Direction>
      </Directions>
    </TalentRow>
    <TalentRow>
      <Cost>20</Cost>
      <Talents>
        <Key>FORCERAT</Key>
        <Key>GRIT</Key>
        <Key>PREEMAVOID</Key>
        <Key>KNOWSPEC</Key>
      </Talents>
      <Directions>
        <Direction>
          <Right>true</Right>
          <Down>true</Down>
        </Direction>
        <Direction>
          <Left>true</Left>
          <Right>true</Right>
          <Up>true</Up>
          <Down>true</Down>
        </Direction>
        <Direction>
          <Left>true</Left>
          <Right>true</Right>
          <Up>true</Up>
          <Down>true</Down>
        </Direction>
        <Direction>
          <Left>true</Left>
          <Down>true</Down>
        </Direction>
      </Directions>
    </TalentRow>
    <TalentRow>
      <Cost>25</Cost>
      <Talents>
        <Key>BAL</Key>
        <Key>FORCEALLY</Key>
        <Key>NATNEG</Key>
        <Key>FORCERAT</Key>
      </Talents>
      <Directions>
        <Direction>
          <Up>true</Up>
        </Direction>
        <Direction>
          <Right>true</Right>
          <Up>true</Up>
        </Direction>
        <Direction>
          <Left>true</Left>
          <Up>true</Up>
        </Direction>
        <Direction>
          <Up>true</Up>
        </Direction>
      </Directions>
    </TalentRow>
  </TalentRows>
  <AddlCareerSkills>
    <Type />
  </AddlCareerSkills>
</Specialization>