<?xml version="1.0"?>
<Specialization xmlns:xsi="http://www.w3.org/2001/XMLSchema-instance" xmlns:xsd="http://www.w3.org/2001/XMLSchema">
  <Key>SCOUND</Key>
  <Name>Scoundrel</Name>
  <Description>[H4]Scoundrel - A Galaxy of Marks[h4]

[P]Part con artist, part gunslinger, and part cantina brawler, the Scoundrel is quick-witted, quick on his feet, and quick to get himself into a great deal of trouble at the drop of a hat. He doesn't care one whit for rules or laws, except where he can use them to work an angle that either nets him a lot of credits or brings down an enemy. If he's really lucky—and he tends to have an unshakable faith in his luck—he'll manage both. 

[P]His dynamic nature is spelled out in the Scoundrel's additional career skills: [B]Charm, Cool, Deception,[b] and [B]Ranged (Light)[b]. If this is the character's starting Specialization, he may choose two of these skills and gain one free rank in each, without spending starting experience. Combined with his talents, these skills make him formidable in a fight, useful in dealing with the underworld, and an individual simply not to be trusted. 

[P]Scoundrels fulfill many roles in the Outer Rim. Some are grifters, others are middle-men, and still others are simply thrill-seekers looking to see what they can get into next. Scoundrels tend to avoid taking charge of anything, but they are more than willing to ride the coattails of powerful people, often applying their unique skill set to help their employer in any number of ways. Scoundrels rarely put down roots for very long, and will always be looking for the next interesting thing to do (especially if it can make them some money). 

[P]In a Player Character group, the Scoundrel is a kind of all-purpose character. He's got enough underworld savvy and social ability to act as a "face" for the group, and he's no slouch in a fight. He may or may not be a pilot, but it's almost certain he's got many of the rogue-style abilities a group might need.</Description>
  <Source Page="84">Edge of the Empire Core Rulebook</Source>
  <Custom>DescOnly</Custom>
  <CareerSkills>
    <Key>CHARM</Key>
    <Key>COOL</Key>
    <Key>DECEP</Key>
    <Key>RANGLT</Key>
  </CareerSkills>
  <TalentRows>
    <TalentRow>
      <Cost>5</Cost>
      <Talents>
        <Key>BLA</Key>
        <Key>CONV</Key>
        <Key>QUICKDR</Key>
        <Key>RAPREA</Key>
      </Talents>
      <Directions>
        <Direction>
          <Down>true</Down>
        </Direction>
        <Direction />
        <Direction />
        <Direction>
          <Down>true</Down>
        </Direction>
      </Directions>
    </TalentRow>
    <TalentRow>
      <Index>1</Index>
      <Cost>10</Cost>
      <Talents>
        <Key>CONV</Key>
        <Key>BLA</Key>
        <Key>CONV</Key>
        <Key>QUICKST</Key>
      </Talents>
      <Directions>
        <Direction>
          <Up>true</Up>
          <Down>true</Down>
        </Direction>
        <Direction>
          <Right>true</Right>
          <Down>true</Down>
        </Direction>
        <Direction>
          <Left>true</Left>
          <Down>true</Down>
        </Direction>
        <Direction>
          <Up>true</Up>
          <Down>true</Down>
        </Direction>
      </Directions>
    </TalentRow>
    <TalentRow>
      <Index>2</Index>
      <Cost>15</Cost>
      <Talents>
        <Key>HIDD</Key>
        <Key>TOUGH</Key>
        <Key>BLA</Key>
        <Key>SIDESTEP</Key>
      </Talents>
      <Directions>
        <Direction>
          <Up>true</Up>
          <Down>true</Down>
        </Direction>
        <Direction>
          <Right>true</Right>
          <Up>true</Up>
          <Down>true</Down>
        </Direction>
        <Direction>
          <Left>true</Left>
          <Up>true</Up>
          <Down>true</Down>
        </Direction>
        <Direction>
          <Up>true</Up>
          <Down>true</Down>
        </Direction>
      </Directions>
    </TalentRow>
    <TalentRow>
      <Index>3</Index>
      <Cost>20</Cost>
      <Talents>
        <Key>TOUGH</Key>
        <Key>RAPREA</Key>
        <Key>HIDD</Key>
        <Key>SIDESTEP</Key>
      </Talents>
      <Directions>
        <Direction>
          <Up>true</Up>
          <Down>true</Down>
        </Direction>
        <Direction>
          <Right>true</Right>
          <Up>true</Up>
          <Down>true</Down>
        </Direction>
        <Direction>
          <Left>true</Left>
          <Up>true</Up>
          <Down>true</Down>
        </Direction>
        <Direction>
          <Up>true</Up>
          <Down>true</Down>
        </Direction>
      </Directions>
    </TalentRow>
    <TalentRow>
      <Index>4</Index>
      <Cost>25</Cost>
      <Talents>
        <Key>DEDI</Key>
        <Key>NATCHARM</Key>
        <Key>SOFTSP</Key>
        <Key>QUICKST</Key>
      </Talents>
      <Directions>
        <Direction>
          <Right>true</Right>
          <Up>true</Up>
        </Direction>
        <Direction>
          <Left>true</Left>
          <Right>true</Right>
        </Direction>
        <Direction>
          <Left>true</Left>
          <Right>true</Right>
          <Up>true</Up>
        </Direction>
        <Direction>
          <Left>true</Left>
          <Up>true</Up>
        </Direction>
      </Directions>
    </TalentRow>
  </TalentRows>
  <AddlCareerSkills>
    <Type />
  </AddlCareerSkills>
</Specialization>