<?xml version="1.0"?>
<Specialization xmlns:xsi="http://www.w3.org/2001/XMLSchema-instance" xmlns:xsd="http://www.w3.org/2001/XMLSchema">
  <Key>SEER</Key>
  <Name>Seer</Name>
  <Description>[H4]Seer[h4]

Some individuals are able to remain constantly aware of the Force's presence, even as they go about their daily lives. They recognize its influence in the subtlest of ways. For them, minor ripples in the Force reveal deep meanings and forewarn of critical events far in the future. However, this quantity of information—particularly in environments filled with other sentients—can become overwhelming. Because of this, many who follow the path of the Seer choose to live lives of relative isolation, far from crowded towns and cities. 

[P]Seers acquire [B]Discipline, Knowledge (Lore), Survival,[b] and [B]Vigilance[b] as additional career skills. If this is the character's starting specialization, he may choose two of these skills and gain one free rank in each, without spending starting experience. Successful Seers must be able to maintain focus on daily life even as they also observe the Force. They must learn to recognize a broad range of subtle signs. They must also be prepared to dwell in a potentially hostile environment, apart from civilization, so that they can be spared from information overload. 

[P]Among Force-sensitive individuals, Seers are arguably the ones who feel the strongest sense of guidance from the Force. Dwelling within the Force at all times, they can recognize even minor ripples and follow them to their source to stop a small problem from turning into a major crisis. Similarly, they may recognize an event that occurs far away and advise those nearby to take action so they can be prepared well in advance of an upcoming crisis. Seers' abilities often give them insights into the future, guiding them to places and people who most need their wisdom and advice. This sometimes enables Seers to be in just the right place at the right time to take action that proves to be pivotal. 

[P]The challenge for many Seers is to know the best time to move into a civilized area. As their sensitivity can become muddled, they may miss a sign of great import. Consequently, some prefer to remain apart from society for as long as possible, depending on allies to carry their missives. Seldom, however, are others capable of communicating a warning as effectively as the Seer who initially sensed the danger.</Description>
  <Source Page="83">Force and Destiny Core Rulebook</Source>
  <Custom>DescOnly</Custom>
  <CareerSkills>
    <Key>DISC</Key>
    <Key>LORE</Key>
    <Key>SURV</Key>
    <Key>VIGIL</Key>
  </CareerSkills>
  <TalentRows>
    <TalentRow>
      <Cost>5</Cost>
      <Talents>
        <Key>FORAG</Key>
        <Key>UNCANREAC</Key>
        <Key>GRIT</Key>
        <Key>EXTRACK</Key>
      </Talents>
      <Directions>
        <Direction />
        <Direction>
          <Down>true</Down>
        </Direction>
        <Direction />
        <Direction>
          <Down>true</Down>
        </Direction>
      </Directions>
    </TalentRow>
    <TalentRow>
      <Cost>10</Cost>
      <Talents>
        <Key>RAPREA</Key>
        <Key>KEENEYED</Key>
        <Key>UNCANREAC</Key>
        <Key>TOUGH</Key>
      </Talents>
      <Directions>
        <Direction>
          <Right>true</Right>
          <Down>true</Down>
        </Direction>
        <Direction>
          <Left>true</Left>
          <Right>true</Right>
          <Up>true</Up>
          <Down>true</Down>
        </Direction>
        <Direction>
          <Left>true</Left>
          <Down>true</Down>
        </Direction>
        <Direction>
          <Up>true</Up>
          <Down>true</Down>
        </Direction>
      </Directions>
    </TalentRow>
    <TalentRow>
      <Cost>15</Cost>
      <Talents>
        <Key>SENSDANG</Key>
        <Key>GRIT</Key>
        <Key>FOREWARN</Key>
        <Key>PREEMAVOID</Key>
      </Talents>
      <Directions>
        <Direction>
          <Right>true</Right>
          <Up>true</Up>
          <Down>true</Down>
        </Direction>
        <Direction>
          <Left>true</Left>
          <Right>true</Right>
          <Up>true</Up>
          <Down>true</Down>
        </Direction>
        <Direction>
          <Left>true</Left>
          <Up>true</Up>
          <Down>true</Down>
        </Direction>
        <Direction>
          <Up>true</Up>
          <Down>true</Down>
        </Direction>
      </Directions>
    </TalentRow>
    <TalentRow>
      <Cost>20</Cost>
      <Talents>
        <Key>FORCERAT</Key>
        <Key>SENSEADV</Key>
        <Key>FORCEALLY</Key>
        <Key>DODGE</Key>
      </Talents>
      <Directions>
        <Direction>
          <Right>true</Right>
          <Up>true</Up>
          <Down>true</Down>
        </Direction>
        <Direction>
          <Left>true</Left>
          <Right>true</Right>
          <Up>true</Up>
          <Down>true</Down>
        </Direction>
        <Direction>
          <Left>true</Left>
          <Up>true</Up>
          <Down>true</Down>
        </Direction>
        <Direction>
          <Up>true</Up>
        </Direction>
      </Directions>
    </TalentRow>
    <TalentRow>
      <Cost>25</Cost>
      <Talents>
        <Key>RAPREA</Key>
        <Key>TOUGH</Key>
        <Key>NATMYSTIC</Key>
        <Key>FORCERAT</Key>
      </Talents>
      <Directions>
        <Direction>
          <Right>true</Right>
          <Up>true</Up>
        </Direction>
        <Direction>
          <Left>true</Left>
          <Up>true</Up>
        </Direction>
        <Direction>
          <Right>true</Right>
          <Up>true</Up>
        </Direction>
        <Direction>
          <Left>true</Left>
        </Direction>
      </Directions>
    </TalentRow>
  </TalentRows>
  <AddlCareerSkills>
    <Type />
  </AddlCareerSkills>
</Specialization>