<?xml version="1.0"?>
<Specialization xmlns:xsi="http://www.w3.org/2001/XMLSchema-instance" xmlns:xsd="http://www.w3.org/2001/XMLSchema">
  <Key>SHIICHO</Key>
  <Name>Shii-Cho Knight</Name>
  <Description>[H4]Shii-Cho Knight[h4]

The ancient lightsaber fighting style of Shii-Cho is said to be the first lightsaber form taught to the Jedi and their predecessors. It focuses on the essentials of saber fighting and borrows heavily from other sword fighting techniques. Appropriately, the modern practitioners of this form focus on perfecting the core tenants of sword fighting, recognizing the strength of simplicity. Shii-Cho Knights eschew fancy maneuvers, preferring to focus on the fundamentals of block, parry. and strike. 

[P]Shii-Cho Knights acquire [B]Athletics, Coordination, Lightsaber,[b] and [B]Melee[b] as additional career skills. If this is the character's starting specialization, he may choose two of these skills and gain one free rank in each, without spending starting experience. These skills provide them with a solid grounding in the core techniques of any physical conflict. They are familiar with the weapon they wield, but they are also very comfortable exploiting their natural athleticism and flexibility. Because of this, they can not only avoid an enemy's attack, but also make certain that they are able to strike effectively when their target is at a disadvantage.

[P]Followers of this path are seldom concerned with personal appearances or the style that they exhibit in a conflict. Instead, they are focused on precision and on achieving their ultimate goal of victory. For them, a solid grounding in the basics is something they can rely on in any situation. When lives are on the line, they devote their attention to executing their maneuvers in a traditional way, using them to counter an opponent while simultaneously restricting his options.</Description>
  <Source Page="100">Force and Destiny Core Rulebook</Source>
  <Custom>DescOnly</Custom>
  <CareerSkills>
    <Key>ATHL</Key>
    <Key>COORD</Key>
    <Key>LTSABER</Key>
    <Key>MELEE</Key>
  </CareerSkills>
  <TalentRows>
    <TalentRow>
      <Cost>5</Cost>
      <Talents>
        <Key>PARRY</Key>
        <Key>SECWIND</Key>
        <Key>TOUGH</Key>
        <Key>PARRY</Key>
      </Talents>
      <Directions>
        <Direction>
          <Down>true</Down>
        </Direction>
        <Direction>
          <Down>true</Down>
        </Direction>
        <Direction>
          <Down>true</Down>
        </Direction>
        <Direction>
          <Down>true</Down>
        </Direction>
      </Directions>
    </TalentRow>
    <TalentRow>
      <Cost>10</Cost>
      <Talents>
        <Key>SECWIND</Key>
        <Key>CONDITIONED</Key>
        <Key>MULTOPP</Key>
        <Key>DURA</Key>
      </Talents>
      <Directions>
        <Direction>
          <Right>true</Right>
          <Up>true</Up>
          <Down>true</Down>
        </Direction>
        <Direction>
          <Left>true</Left>
          <Right>true</Right>
          <Up>true</Up>
          <Down>true</Down>
        </Direction>
        <Direction>
          <Left>true</Left>
          <Up>true</Up>
          <Down>true</Down>
        </Direction>
        <Direction>
          <Up>true</Up>
          <Down>true</Down>
        </Direction>
      </Directions>
    </TalentRow>
    <TalentRow>
      <Cost>15</Cost>
      <Talents>
        <Key>QUICKDR</Key>
        <Key>GRIT</Key>
        <Key>PARRY</Key>
        <Key>DEFTRAIN</Key>
      </Talents>
      <Directions>
        <Direction>
          <Up>true</Up>
          <Down>true</Down>
        </Direction>
        <Direction>
          <Right>true</Right>
          <Up>true</Up>
          <Down>true</Down>
        </Direction>
        <Direction>
          <Left>true</Left>
          <Right>true</Right>
          <Up>true</Up>
          <Down>true</Down>
        </Direction>
        <Direction>
          <Left>true</Left>
          <Up>true</Up>
          <Down>true</Down>
        </Direction>
      </Directions>
    </TalentRow>
    <TalentRow>
      <Cost>20</Cost>
      <Talents>
        <Key>NATBLADE</Key>
        <Key>SARSWEEP</Key>
        <Key>PARRYIMP</Key>
        <Key>SUMDJEM</Key>
      </Talents>
      <Directions>
        <Direction>
          <Right>true</Right>
          <Up>true</Up>
          <Down>true</Down>
        </Direction>
        <Direction>
          <Left>true</Left>
          <Up>true</Up>
          <Down>true</Down>
        </Direction>
        <Direction>
          <Right>true</Right>
          <Up>true</Up>
        </Direction>
        <Direction>
          <Left>true</Left>
          <Up>true</Up>
        </Direction>
      </Directions>
    </TalentRow>
    <TalentRow>
      <Cost>25</Cost>
      <Talents>
        <Key>CENTBEING</Key>
        <Key>DURA</Key>
        <Key>DEDI</Key>
        <Key>PARRY</Key>
      </Talents>
      <Directions>
        <Direction>
          <Right>true</Right>
          <Up>true</Up>
        </Direction>
        <Direction>
          <Left>true</Left>
          <Right>true</Right>
          <Up>true</Up>
        </Direction>
        <Direction>
          <Left>true</Left>
          <Right>true</Right>
        </Direction>
        <Direction>
          <Left>true</Left>
        </Direction>
      </Directions>
    </TalentRow>
  </TalentRows>
  <AddlCareerSkills>
    <Type />
  </AddlCareerSkills>
</Specialization>