{
	"label": "oggdude.ForcePowers-fr",
	"mapping": {
		"description": "data.description"
	},
	"entries": [
		{
			"id": "Alter",
			"name": "Alter To translate",
			"description": "Please see page 42 of the Unlimited Power Sourcebook for details.[P][H3]Sources:[h3][H4]Page 42 - Unlimited Power[h4]"
		},
		{
			"id": "Battle Meditation",
			"name": "Battle Meditation",
			"description": "Please see page 284 of the Force and Destiny Core Rulebook for details.[P][H3]Sources:[h3][H4]Page 284 - Force and Destiny Core Rulebook[h4]"
		},
		{
			"id": "Bind",
			"name": "Bind",
			"description": "Please see page 286 of the Force and Destiny Core Rulebook for details.[P][H3]Sources:[h3][H4]Page 286 - Force and Destiny Core Rulebook[h4][H4]Page 44 - Rise of the Separatists[h4]"
		},
		{
			"id": "Conjure",
			"name": "Conjure",
			"description": "Please see page 40 of the Unlimited Power Sourcebook for details.[P][H3]Sources:[h3][H4]Page 39 - Unlimited Power[h4]"
		},
		{
			"id": "Ebb/Flow",
			"name": "Ebb/Flow",
			"description": "Please see page 39 of the Disciples of Harmony Sourcebook for details.[P][H3]Sources:[h3][H4]Page 39 - Disciples of Harmony[h4]"
		},
		{
			"id": "Endure",
			"name": "Endure",
			"description": "Please see page 36 of the Knights of Fate Sourcebook for details.[P][H3]Sources:[h3][H4]Page 36 - Knights of Fate[h4]"
		},
		{
			"id": "Enhance",
			"name": "Enhance",
			"description": "Please see page 298 of the Age of Rebellion Core Rulebook, or page 288 of the Force and Destiny Core Rulebook, for details.[P][H3]Sources:[h3][H4]Page 298 - Age of Rebellion Core Rulebook[h4][H4]Page 288 - Force and Destiny Core Rulebook[h4][H4]Page 46 - Rise of the Separatists[h4]"
		},
		{
			"id": "Farsight",
			"name": "Farsight",
			"description": "Please see page 36 of the Savage Spirits Sourcebook for details.[P][H3]Sources:[h3][H4]Page 36 - Savage Spirits[h4]"
		},
		{
			"id": "Foresee",
			"name": "Foresee",
			"description": "Please see page 300 of the Age of Rebellion Core Rulebook, or page 290 of the Force and Destiny Core Rulebook, for details.[P][H3]Sources:[h3][H4]Page 300 - Age of Rebellion Core Rulebook[h4][H4]Page 290 - Force and Destiny Core Rulebook[h4]"
		},
		{
			"id": "Heal/Harm",
			"name": "Heal/Harm",
			"description": "Please see page 292 of the Force and Destiny Core Rulebook for details.[P][H3]Sources:[h3][H4]Page 292 - Force and Destiny Core Rulebook[h4]"
		},
		{
			"id": "Imbue",
			"name": "Imbue",
			"description": "Please see page 37 of the Disciples of Harmony Sourcebook for details.[P][H3]Sources:[h3][H4]Page 37 - Disciples of Harmony[h4]"
		},
		{
			"id": "Influence",
			"name": "Influence",
			"description": "Please see page 282 of the Edge of the Empire Core Rulebook, or page 294 of the Force and Destiny Core Rulebook, for details.[P][H3]Sources:[h3][H4]Page 281 - Edge of the Empire Core Rulebook[h4][H4]Page 294 - Force and Destiny Core Rulebook[h4]"
		},
		{
			"id": "Manipulate",
			"name": "Manipulate",
			"description": "Please see page 37 of the Endless Vigil Sourcebook for details.[P][H3]Sources:[h3][H4]Page 37 - Endless Vigil[h4]"
		},
		{
			"id": "Misdirect",
			"name": "Misdirect",
			"description": "Please see page 296 of the Force and Destiny Core Rulebook for details.[P][H3]Sources:[h3][H4]Page 296 - Force and Destiny Core Rulebook[h4]"
		},
		{
			"id": "Move",
			"name": "Move",
			"description": "Please see page 284 of the Edge of the Empire Core Rulebook, page 296 of the Age of Rebellion Core Rulebook, or page 298 of the Force and Destiny Core Rulebook, for details.[P][H3]Sources:[h3][H4]Page 283 - Edge of the Empire Core Rulebook[h4][H4]Page 296 - Age of Rebellion Core Rulebook[h4][H4]Page 298 - Force and Destiny Core Rulebook[h4]"
		},
		{
			"id": "Protect/Unleash",
			"name": "Protect/Unleash",
			"description": "Please see page 300 of the Force and Destiny Core Rulebook for details.[P][H3]Sources:[h3][H4]Page 300 - Force and Destiny Core Rulebook[h4]"
		},
		{
			"id": "Seek",
			"name": "Seek",
			"description": "Please see page 302 of the Force and Destiny Core Rulebook for details.[P][H3]Sources:[h3][H4]Page 302 - Force and Destiny Core Rulebook[h4]"
		},
		{
			"id": "Sense",
			"name": "Sense",
			"description": "Please see page 280 of the Edge of the Empire Core Rulebook, or page 304 of the Force and Destiny Core Rulebook, for details.[P][H3]Sources:[h3][H4]Page 279 - Edge of the Empire Core Rulebook[h4][H4]Page 304 - Force and Destiny Core Rulebook[h4]"
		},
		{
			"id": "Suppress",
			"name": "Suppress",
			"description": "Please see page 38 of the Keeping the Peace Sourcebook for details.[P][H3]Sources:[h3][H4]Page 38 - Keeping the Peace[h4]"
		},
		{
			"id": "Warde's Foresight",
			"name": "Warde's Foresight",
			"description": "Please see page 10 of the Chronicles of the Gatekeeper Adventure Module for details.[P][H3]Sources:[h3][H4]Page 10 - Chronicles of the Gatekeeper[h4]"
		}
	]
}