{
	"label": "oggdude.SignatureAbilities-fr",
	"mapping": {
		"description": "data.description"
	},
	"entries": [
		{
			"id": "Always Get My Mark",
			"name": "Always Get My Mark to translate",
			"description": "Please see page 39 of the No Disintegrations Sourcebook for details.[P][H3]Sources:[h3][H4]Page 39 - No Disintegrations[h4]"
		},
		{
			"id": "Counterespionage",
			"name": "Counterespionage",
			"description": "[H4]Counterespionage[h4]\nPlease see page 34 of the Cyphers and Masks Sourcebook for details.[P][H3]Sources:[h3][H4]Page 34 - Cyphers and Masks[h4]"
		},
		{
			"id": "Deadly Reputation",
			"name": "Deadly Reputation",
			"description": "Please see page 34 of the Kinghts of Fate Sourcebook for details.[P][H3]Sources:[h3][H4]Page 34 - Knights of Fate[h4]"
		},
		{
			"id": "Diplomatic Solution",
			"name": "Diplomatic Solution",
			"description": "[H4]Diplomat Signature Ability: Diplomatic Solution[h4]\n    Please see page 38 of the Desperate Allies Sourcebook for details."
		},
		{
			"id": "Fated Duel",
			"name": "Fated Duel",
			"description": "[H4]Fated Duel[h4]\n  Please see page 35 of the Keeping the Peace sourcebook for details.[P][H3]Sources:[h3][H4]Page 35 - Keeping the Peace[h4]"
		},
		{
			"id": "Insightful Revelation",
			"name": "Insightful Revelation",
			"description": "[H4]Colonist Signature Ability: Insightful Revelation[h4]\n    See page 36 of the Far Horizons Sourcebook for details.[P][H3]Sources:[h3][H4]Page 36 - Far Horizons[h4]"
		},
		{
			"id": "Inventive Creation",
			"name": "Inventive Creation",
			"description": "[H4]Technician Signature Ability: Inventive Creation[h4]\n    Please see page 39 of the Special Modifications Sourcebook for details.[P][H3]Sources:[h3][H4]Page 39 - Special Modifications[h4]"
		},
		{
			"id": "Last One Standing",
			"name": "Last One Standing",
			"description": "[H4]Hired Gun Signature Ability: Last One Standing[h4]\n    Please see page 36 of the Dangerous Covenants Sourcebook for details.[P][H3]Sources:[h3][H4]Page 36 - Dangerous Covenants[h4]"
		},
		{
			"id": "Much to Learn",
			"name": "Much to Learn",
			"description": "Please see page 34 of the Disciples of Harmony Sourcebook for details.[P][H3]Sources:[h3][H4]Page 34 - Disciples of Harmony[h4]"
		},
		{
			"id": "My City",
			"name": "My City",
			"description": "Please see page 34 of the Endless Vigil Sourcebook for details.[P][H3]Sources:[h3][H4]Page 34 - Endless Vigil[h4]"
		},
		{
			"id": "Narrow Escape",
			"name": "Narrow Escape",
			"description": "[H4]Smuggler Signature Ability: Narrow Escape[h4]\n    Please see page 37 of the Fly Casual Sourcebook for details."
		},
		{
			"id": "Prophecy",
			"name": "Prophecy",
			"description": "[H4]Mystic Signature Ability: Prophecy[h4]\n    Please see page 37 of the Unlimited Power Sourcebook for details."
		},
		{
			"id": "Rousing Oratory",
			"name": "Rousing Oratory",
			"description": "Please see page 38 of the Lead by Example Sourcebook for details.[P][H3]Sources:[h3][H4]Page 38 - Lead by Example[h4]"
		},
		{
			"id": "Sudden Discovery",
			"name": "Sudden Discovery",
			"description": "[H4]Explorer Signature Ability: Sudden Discovery[h4]\n    Please see page 34 of the Enter the Unknown Sourcebook for details.[P][H3]Sources:[h3][H4]Page 34 - Enter the Unknown[h4]"
		},
		{
			"id": "The Bigger They Are...",
			"name": "The Bigger They Are...",
			"description": "Please see page 38 of the Forged in Battle Sourcebook for details.[P][H3]Sources:[h3][H4]Page 38 - Forged in Battle[h4]"
		},
		{
			"id": "The Harder They Fall",
			"name": "The Harder They Fall",
			"description": "See page 34 of the Fully Operational Sourcebook for details.[P][H3]Sources:[h3][H4]Page 34 - Fully Operational[h4]"
		},
		{
			"id": "This One is Mine",
			"name": "This One is Mine",
			"description": "[H4]Ace Signature Ability: This One is Mine[h4]\n    Please see page 36 of the Stay on Target Sourcebook for details."
		},
		{
			"id": "Unexpected Demise",
			"name": "Unexpected Demise",
			"description": "Please see page 34 of the Savage Spirits Sourcebook for details.[P][H3]Sources:[h3][H4]Page 34 - Savage Spirits[h4]"
		},
		{
			"id": "Unmatched Authority",
			"name": "Unmatched Authority",
			"description": "Please see page 40 of the Lead by Example Sourcebook for details.[P][H3]Sources:[h3][H4]Page 40 - Lead by Example[h4]"
		},
		{
			"id": "Unmatched Calibration",
			"name": "Unmatched Calibration",
			"description": "[H4]Technician Signature Ability: Unmatched Calibration[h4]\n    Please see page 40 of the Special Modifications Sourcebook for details.[P][H3]Sources:[h3][H4]Page 40 - Special Modifications[h4]"
		},
		{
			"id": "Unmatched Courage",
			"name": "Unmatched Courage",
			"description": "Please see page 39 of the Forged in Battle Sourcebook for details.[P][H3]Sources:[h3][H4]Page 39 - Forged in Battle[h4]"
		},
		{
			"id": "Unmatched Destiny",
			"name": "Unmatched Destiny",
			"description": "[H4]Mystic Signature Ability: Unmatched Destiny[h4]\n    Please see page 38 of the Unlimited Power Sourcebook for details."
		},
		{
			"id": "Unmatched Devastation",
			"name": "Unmatched Devastation",
			"description": "Please see page 41 of the No Disintegrations Sourcebook for details.[P][H3]Sources:[h3][H4]Page 41 - No Disintegrations[h4]"
		},
		{
			"id": "Unmatched Expertise",
			"name": "Unmatched Expertise",
			"description": "[H4]Colonist Signature Ability: Unmatched Expertise[h4]\n    See page 37 of the Far Horizons Sourcebook for details.[P][H3]Sources:[h3][H4]Page 37 - Far Horizons[h4]"
		},
		{
			"id": "Unmatched Ferocity",
			"name": "Unmatched Ferocity",
			"description": "Please see page 35 of the Kinghts of Fate Sourcebook for details.[P][H3]Sources:[h3][H4]Page 35 - Knights of Fate[h4]"
		},
		{
			"id": "Unmatched Fortune",
			"name": "Unmatched Fortune",
			"description": "[H4]Smuggler Signature Ability: Unmatched Fortune[h4]\n    Please see page 39 of the Fly Casual Sourcebook for details."
		},
		{
			"id": "Unmatched Heroism",
			"name": "Unmatched Heroism",
			"description": "[H4]Unmatched Heroism[h4]\n  Please see page 37 of the Keeping the Peace sourcebook for details.[P][H3]Sources:[h3][H4]Page 37 - Keeping the Peace[h4]"
		},
		{
			"id": "Unmatched Ingenuity",
			"name": "Unmatched Ingenuity",
			"description": "See page 35 of the Fully Operational Sourcebook for details.[P][H3]Sources:[h3][H4]Page 35 - Fully Operational[h4]"
		},
		{
			"id": "Unmatched Insight",
			"name": "Unmatched Insight",
			"description": "[H4]Diplomat Signature Ability: Unmatched Insight[h4]\n    Please see page 40 of the Desperate Allies Sourcebook for details."
		},
		{
			"id": "Unmatched Mobility",
			"name": "Unmatched Mobility",
			"description": "[H4]Explorer Signature Ability: Unmatched Mobility[h4]\n    Please see page 35 of the Enter the Unknown Sourcebook for details.[P][H3]Sources:[h3][H4]Page 35 - Enter the Unknown[h4]"
		},
		{
			"id": "Unmatched Negotiations",
			"name": "Unmatched Negotiations",
			"description": "Please see page 35 of the Disciples of Harmony Sourcebook for details.[P][H3]Sources:[h3][H4]Page 35 - Disciples of Harmony[h4]"
		},
		{
			"id": "Unmatched Protection",
			"name": "Unmatched Protection",
			"description": "[H4]Hired Gun Signature Ability: Unmatched Protection[h4]\n    Please see page 37 of the Dangerous Covenants Sourcebook for details.[P][H3]Sources:[h3][H4]Page 37 - Dangerous Covenants[h4]"
		},
		{
			"id": "Unmatched Pursuit",
			"name": "Unmatched Pursuit",
			"description": "Please see page 35 of the Savage Spirits Sourcebook for details.[P][H3]Sources:[h3][H4]Page 35 - Savage Spirits[h4]"
		},
		{
			"id": "Unmatched Survivability",
			"name": "Unmatched Survivability",
			"description": "[H4]Ace Signature Ability: Unmatched Survivability[h4]\n    Please see page 37 of the Stay on Target Sourcebook for details."
		},
		{
			"id": "Unmatched Tradecraft",
			"name": "Unmatched Tradecraft",
			"description": "[H4]Unmatched Tradecraft[h4]\nPlease see page 35 of the Cyphers and Masks Sourcebook for details.[P][H3]Sources:[h3][H4]Page 35 - Cyphers and Masks[h4]"
		},
		{
			"id": "Unmatched Vigilance",
			"name": "Unmatched Vigilance",
			"description": "Please see page 35 of the Endless Vigil Sourcebook for details.[P][H3]Sources:[h3][H4]Page 35 - Endless Vigil[h4]"
		}
	]
}