{
	"label": "oggdude.ForcePowers-fr",
	"mapping": {
		"description": "data.description",
		"name0": "data.upgrades.upgrade0.name",
		"upgrade0": "data.upgrades.upgrade0.description",
		"name1": "data.upgrades.upgrade1.name",
		"upgrade1": "data.upgrades.upgrade1.description",
		"name2": "data.upgrades.upgrade2.name",
		"upgrade2": "data.upgrades.upgrade2.description",
		"name3": "data.upgrades.upgrade3.name",
		"upgrade3": "data.upgrades.upgrade3.description",
		"name4": "data.upgrades.upgrade4.name",
		"upgrade4": "data.upgrades.upgrade4.description",
		"name5": "data.upgrades.upgrade5.name",
		"upgrade5": "data.upgrades.upgrade5.description",
		"name6": "data.upgrades.upgrade6.name",
		"upgrade6": "data.upgrades.upgrade6.description",
		"name7": "data.upgrades.upgrade7.name",
		"upgrade7": "data.upgrades.upgrade7.description",
		"name8": "data.upgrades.upgrade8.name",
		"upgrade8": "data.upgrades.upgrade8.description",
		"name9": "data.upgrades.upgrade9.name",
		"upgrade9": "data.upgrades.upgrade9.description",
		"name10": "data.upgrades.upgrade10.name",
		"upgrade10": "data.upgrades.upgrade10.description",
		"name11": "data.upgrades.upgrade11.name",
		"upgrade11": "data.upgrades.upgrade11.description",
		"name12": "data.upgrades.upgrade12.name",
		"upgrade12": "data.upgrades.upgrade12.description",
		"name13": "data.upgrades.upgrade13.name",
		"upgrade13": "data.upgrades.upgrade13.description",
		"name14": "data.upgrades.upgrade14.name",
		"upgrade14": "data.upgrades.upgrade14.description",
		"name15": "data.upgrades.upgrade15.name",
		"upgrade15": "data.upgrades.upgrade15.description",
		"name16": "data.upgrades.upgrade16.name",
		"upgrade16": "data.upgrades.upgrade16.description"
	}
}