{
	"label": "oggdude.Armor-fr",
	"mapping": {
		"description": "data.description"
	},
	"entries": [
		{
			"id": "\"Gundark\" Scav-Suit",
			"name": "\"Gundark\" Scav-Suit To translate",
			"description": "[H3]\"Gundark\" Scav-Suit[h3]\n      Please see page 56 of the Rise of the Separatists Sourcebook for details.[P][H3]Sources:[h3][H4]Page 56 - Rise of the Separatists[h4]<div>Adds [BO][BO] to checks to avoid adverse effects of cold temperatures. </div><div>Removes [SE] imposed by cold-weather conditions on Perception checks. </div>"
		},
		{
			"id": "\"Storm\" Charge Suit",
			"name": "\"Storm\" Charge Suit",
			"description": "[H3]Corellian Arms \"Storm\" Charge Suit[h3]\n      Please see page 50 of the Dangerous Covenants Sourcebook for details.[P][H3]Sources:[h3][H4]Page 50 - Dangerous Covenants[h4]<div>If attack against armor generates [TH][TH], attacker is disoriented for 1 round. </div><div>If attack against armor generates [DE], attacker is automatically hit for 8 damage. </div><div>Counts as being equipped with shock gloves </div>"
		},
		{
			"id": "A/KT Mountaineer Armor",
			"name": "A/KT Mountaineer Armor",
			"description": "[H3]A/KT Mountaineer Armor[h3]\n      Please see page 45 of the Enter the Unknown Sourcebook for details.[P][H3]Sources:[h3][H4]Page 45 - Enter the Unknown[h4]<div>Grants [BOOST][BOOST] to all Athletics skill checks made to climb or rappel </div>"
		},
		{
			"id": "A/KT Shockrider Crash Suit",
			"name": "A/KT Shockrider Crash Suit",
			"description": "[H3]A/KT Shockrider Crash Suit[h3]\n      Please see page 45 of the Enter the Unknown Sourcebook, or page 42 of the Stay on Target Sourcebook, for details.[P][H3]Sources:[h3][H4]Page 45 - Enter the Unknown[h4][H4]Page 42 - Stay on Target[h4]<div>Reduces strain received from Critical Hits to the wearer's vehicle by 1 (min 1). </div><div>Reduce damage from fires and weapons with the Burn quality by 1. </div>"
		},
		{
			"id": "A/KT Tracker Utility Vest",
			"name": "A/KT Tracker Utility Vest",
			"description": "[H3]A/KT Tracker Utility Vest[h3]\n      Please see page 45 of the Enter the Unknown Sourcebook for details.[P][H3]Sources:[h3][H4]Page 45 - Enter the Unknown[h4]<div>Increases Encumbrance Threshold Mod - Increase Encumbrance Threshold by 1 Compte 2</div>"
		},
		{
			"id": "A/KT Wing Commander Armored Flight Suit",
			"name": "A/KT Wing Commander Armored Flight Suit",
			"description": "[H3]A/KT Wing Commander Armored Flight Suit[h3]\n      Please see page 42 of the Stay on Target Sourcebook for details.[P][H3]Sources:[h3][H4]Page 42 - Stay on Target[h4]<div>Reduces strain received from Critical Hits to the wearer's vehicle by 1 (min 1). </div><div>Reduce damage from fires and weapons with the Burn quality by 1. </div>"
		},
		{
			"id": "Adverse Environmental Gear",
			"name": "Adverse Environmental Gear",
			"description": "[H3]Adverse Environmental Gear[h3]\n      Please see page 169 of the Edge of the Empire Core Rulebook, page 184 of the Age of Rebellion Core Rulebook, or page 178 of the Force and Destiny Core Rulebook, for details.[P][H3]Sources:[h3][H4]Page 169 - Edge of the Empire Core Rulebook[h4][H4]Page 184 - Age of Rebellion Core Rulebook[h4][H4]Page 178 - Force and Destiny Core Rulebook[h4]<div>Wearer may ignore [SETBACK] imposed by the environment </div>"
		},
		{
			"id": "Alliance Engineer's Helmet and Vest",
			"name": "Alliance Engineer's Helmet and Vest",
			"description": "[H3]Alliance Engineer's Helmet and Vest[h3]\n      Please see page 42 of the Fully Operational Sourcebook for details.[P][H3]Sources:[h3][H4]Page 42 - Fully Operational[h4]"
		},
		{
			"id": "Alliance Light Stealth Armor",
			"name": "Alliance Light Stealth Armor",
			"description": "[H3]Alliance Light Stealth Armor[h3]\n      Please see page 49 of the Forged in Battle Sourcebook for details.[P][H3]Sources:[h3][H4]Page 49 - Forged in Battle[h4]"
		},
		{
			"id": "Ancient Battle Armor",
			"name": "Ancient Battle Armor",
			"description": "[H3]Ancient Battle Armor[h3]\n      Please see page 47 of the Knights of Fate Sourcebook for details.[P][H3]Sources:[h3][H4]Page 47 - Knights of Fate[h4]<div>Increase Defense when Force User Mod - Increases Defense value by 1 when Force User </div>"
		},
		{
			"id": "AniPro Layered Beast Armor",
			"name": "AniPro Layered Beast Armor",
			"description": "[H3]VeTech AniPro Layered Beast Armor[h3]\n      Please see page 44 of the Savage Spirits Sourcebook for details.[P][H3]Sources:[h3][H4]Page 44 - Savage Spirits[h4]<div>May only be worn by a beast. </div><div>May ride a beast without suffering bareback penalty. </div>"
		},
		{
			"id": "Armored Clothing",
			"name": "Armored Clothing",
			"description": "[H3]Armored Clothing[h3]\n      Please see page 169 of the Edge of the Empire Core Rulebook, page 184 of the Age of Rebellion Core Rulebook, or page 178 of the Force and Destiny Core Rulebook, for details.[P][H3]Sources:[h3][H4]Page 169 - Edge of the Empire Core Rulebook[h4][H4]Page 184 - Age of Rebellion Core Rulebook[h4][H4]Page 178 - Force and Destiny Core Rulebook[h4]<div>An [B]Average ([DI][DI]) Perception check[b] detects that the wearer's clothing is armored </div>"
		},
		{
			"id": "Armored Drop Suit",
			"name": "Armored Drop Suit",
			"description": "[H3]Armored Drop Suit[h3]\n      Please see page 49 of the No Disintegrations Sourcebook for details.\n      [P][I]Note:  A vehicle version of this armor exists with the same name.[i][P][H3]Sources:[h3][H4]Page 49 - No Disintegrations[h4]<div>While conscious and flight systems are engaged, wearer cannot suffer falling damage. </div>"
		},
		{
			"id": "Armored Robes",
			"name": "Armored Robes",
			"description": "[H3]Armored Robes[h3]\n      Please see page 179 of the Force and Destiny Core Rulebook for details.[P][H3]Sources:[h3][H4]Page 179 - Force and Destiny Core Rulebook[h4]"
		},
		{
			"id": "Banal Apparel",
			"name": "Banal Apparel",
			"description": "[H3]Banal Apparel[h3]\n      Please see page 47 of the Desperate Allies Sourcebook for details.[P][H3]Sources:[h3][H4]Page 47 - Desperate Allies[h4]<div>Opposing characters upgrade the difficulty of checks to identify wearer once. </div>"
		},
		{
			"id": "Beast-Hide Armor",
			"name": "Beast-Hide Armor",
			"description": "[H3]Beast-Hide Armor[h3]\n      Please see page 49 of the Dangerous Covenants Sourcebook, or page 44 of the Savage Spirits Sourcebook, for details.[P][H3]Sources:[h3][H4]Page 49 - Dangerous Covenants[h4][H4]Page 44 - Savage Spirits[h4]"
		},
		{
			"id": "Biogel Suit",
			"name": "Biogel Suit",
			"description": "[H3]Biogel Suit[h3]\n      Please see page 45 of the Disciples of Harmony Sourcebook for details.[P][H3]Sources:[h3][H4]Page 45 - Disciples of Harmony[h4]<div>Wearer gains +1 soak when hit by Brawl or bludgeoning Melee weapons. </div>"
		},
		{
			"id": "Blast Vest",
			"name": "Blast Vest",
			"description": "[H3]Blast Vest[h3]\n      Please see page 47 of the Fly Casual Sourcebook for details.[P][H3]Sources:[h3][H4]Page 47 - Fly Casual[h4]<div>Armor gains +2 soak when wearer suffers damage from a slugthrower or other physical projectile. </div>"
		},
		{
			"id": "CF-9 Naval Flight Suit",
			"name": "CF-9 Naval Flight Suit",
			"description": "[H3]CF-9 Naval Flight Suit[h3]\n      Please see page 56 of the Rise of the Separatists Sourcebook for details.[P][H3]Sources:[h3][H4]Page 56 - Rise of the Separatists[h4]<div>Includes a built-in respirator. </div><div>Remove up to [SE] from Piloting checks added due to physical stress. </div>"
		},
		{
			"id": "Caballerin-Series Riding Tack",
			"name": "Caballerin-Series Riding Tack",
			"description": "[H3]Caballerin-Series Riding Tack[h3]\n      Please see page 42 of the Stay on Target Sourcebook for details.[P][H3]Sources:[h3][H4]Page 42 - Stay on Target[h4]<div>May only be worn by a beast. </div><div>May ride a beast without suffering bareback penalty. </div>"
		},
		{
			"id": "Capari-Series Padded Beast Armor",
			"name": "Capari-Series Padded Beast Armor",
			"description": "[H3]Capari-Series Padded Beast Armor[h3]\n      Please see page 43 of the Stay on Target Sourcebook for details.[P][H3]Sources:[h3][H4]Page 43 - Stay on Target[h4]<div>May only be worn by a beast. </div><div>May ride a beast without suffering bareback penalty. </div>"
		},
		{
			"id": "Cargo Clothing",
			"name": "Cargo Clothing",
			"description": "[H3]Cargo Clothing[h3]\n      Please see page 47 of the Desperate Allies Sourcebook for details.[P][I][P][H3]Sources:[h3][H4]Page 47 - Desperate Allies[h4]<div>Carry Items up to Encumbrance 1 Mod - Carry Items up to Encumbrance 1 Compte 3</div>"
		},
		{
			"id": "Catch Vest",
			"name": "Catch Vest",
			"description": "[H3]Catch Vest[h3]\n      Please see page 99 of the Suns of Fortune Sourcebook for details.[P][H3]Sources:[h3][H4]Page 99 - Suns of Fortune[h4]<div>Has soak value of 2 against all energy-based weapons </div>"
		},
		{
			"id": "Chitin Armor",
			"name": "Chitin Armor",
			"description": "[H3]Chitin Armor[h3]\n      Please see page 45 of the Savage Spirits Sourcebook for details.[P][H3]Sources:[h3][H4]Page 45 - Savage Spirits[h4]"
		},
		{
			"id": "Climbsuit",
			"name": "Climbsuit",
			"description": "[H3]Ayelixe/Krongbing Climbsuit[h3]\n      Please see page 41 of the Cyphers and Masks Sourcebook for details.[P][H3]Sources:[h3][H4]Page 41 - Cyphers and Masks[h4]<div>Upgrades the ability of checks to climb or rappel down a surface once. </div><div>Reduces damage and strain suffered from falling by 5. </div><div>Reduces Critical Injury results due to falling by 10.. </div>"
		},
		{
			"id": "Cloaking Coat",
			"name": "Cloaking Coat",
			"description": "[H3]Cloaking Coat[h3]\n      Please see page 47 of the Special Modifications Sourcebook for details.[P][H3]Sources:[h3][H4]Page 47 - Special Modifications[h4]<div>Upgrade difficulty of checks to detect an individual wearing a cloaking coat using sensors or electronics twice.  Droids with Intellect less than wearer's ranks in Computers are similarly affected. </div>"
		},
		{
			"id": "Concealing Robes",
			"name": "Concealing Robes",
			"description": "[H3]Concealing Robes[h3]\n      Please see page 179 of the Force and Destiny Core Rulebook for details.[P][H3]Sources:[h3][H4]Page 179 - Force and Destiny Core Rulebook[h4]<div>Add [SETBACK] to checks to notice or recognize an individual wearing concealing robes. </div>"
		},
		{
			"id": "Crash Gear",
			"name": "Crash Gear",
			"description": "[H3]Crash Gear[h3]\n      Please see page 43 of the Endless Vigil Sourcebook for details.[P][H3]Sources:[h3][H4]Page 43 - Endless Vigil[h4]<div>Wearer ignores the effects of ongoing Critical Injuries on any Intellect- or Cunning-related checks, but still suffers from the injuries. </div>"
		},
		{
			"id": "Cresh \"Luck\" Armor",
			"name": "Cresh \"Luck\" Armor",
			"description": "[H3]Cresh \"Luck\" Armor[h3]\n      Please see page 47 of the Keeping the Peace Sourcebook for details.[P][H3]Sources:[h3][H4]Page 47 - Keeping the Peace[h4]"
		},
		{
			"id": "Destri-Series Laminated Beast Armor",
			"name": "Destri-Series Laminated Beast Armor",
			"description": "[H3]Destri-Series Laminated Beast Armor[h3]\n      Please see page 43 of the Stay on Target Sourcebook for details.[P][H3]Sources:[h3][H4]Page 43 - Stay on Target[h4]<div>May only be worn by a beast. </div><div>May ride a beast without suffering bareback penalty. </div>"
		},
		{
			"id": "Diplomat's Robes",
			"name": "Diplomat's Robes",
			"description": "[H3]Diplomat's Robes[h3]\n      Please see page 47 of the Desperate Allies Sourcebook for details.[P][H3]Sources:[h3][H4]Page 47 - Desperate Allies[h4]<div>Add [BOOST] to social checks claiming diplomatic authority, accessing classified data, and bypassing normal protocol. </div>"
		},
		{
			"id": "EOD-Mk II Armor",
			"name": "EOD-Mk II Armor",
			"description": "[H3]Creshaldyne EOD-Mk II Armor[h3]\n      Please see page 42 of the Fully Operational Sourcebook for details.[P][H3]Sources:[h3][H4]Page 42 - Fully Operational[h4]<div>Characters wearing this armor lose their free movement. </div>"
		},
		{
			"id": "Enviro-suit",
			"name": "Enviro-suit",
			"description": "[H3]Enviro-suit[h3]\n      Please see page 44 of the Enter the Unknown Sourcebook for details.[P][H3]Sources:[h3][H4]Page 44 - Enter the Unknown[h4]<div>Suffer [SETBACK] to any Agility- or Perception-based checks </div>"
		},
		{
			"id": "Fabricator's Protective Gear",
			"name": "Fabricator's Protective Gear",
			"description": "[H3]Fabricator's Protective Gear[h3]\n      Please see page 43 of the Fully Operational Sourcebook for details.[P][H3]Sources:[h3][H4]Page 43 - Fully Operational[h4]<div>Wearer ignores effects of fires or acides of rating 1 or 2. </div><div>Has soak 3 against damage from Blast quality. </div>"
		},
		{
			"id": "Flare Jacket",
			"name": "Flare Jacket",
			"description": "[H3]Flare Jacket[h3]\n      Please see page 48 of the Desperate Allies Sourcebook for details.[P][H3]Sources:[h3][H4]Page 48 - Desperate Allies[h4]<div>Once per encounter, can trigger flare charge. Everyone in short range makes [B]Hard ([DI][DI][DI]) Vigilance check[b]. Fail means staggered for 1 round, plus 1 round per [TH][TH][TH]. </div>"
		},
		{
			"id": "Formal Council Armor",
			"name": "Formal Council Armor",
			"description": "[H3]Formal Council Armor[h3]\n      Please see page 45 of the Disciples of Harmony Sourcebook for details.[P][H3]Sources:[h3][H4]Page 45 - Disciples of Harmony[h4]<div>When wearing, add [AD][AD] to negotiation checks against people who hold Jedi in high regard. </div><div>Optionally, when wearing, add [AD][AD] to Coercion checks against people who hate or fear the Jedi. </div>"
		},
		{
			"id": "G-Suit",
			"name": "G-Suit",
			"description": "[H3]G-Suit[h3]\n      Please see page 44 of the Endless Vigil Sourcebook for details.[P][H3]Sources:[h3][H4]Page 44 - Endless Vigil[h4]<div>Wearer reduces strain cost to perfrom a second Pilot Only maneuver by 1. </div>"
		},
		{
			"id": "H-Series Megafauna Carriage",
			"name": "H-Series Megafauna Carriage",
			"description": "[H3]H-Series Megafauna Carriage[h3]\n      Please see page 43 of the Stay on Target Sourcebook for details.[P][H3]Sources:[h3][H4]Page 43 - Stay on Target[h4]<div>May only be worn by a beast. </div><div>Requires silhouette 3+ and Brawn 5+. </div><div>May ride a beast without suffering bareback penalty. </div>"
		},
		{
			"id": "HT-77 Cold Assault Armor",
			"name": "HT-77 Cold Assault Armor",
			"description": "[H3]HT-77 Cold Assault Armor[h3]\n      Please see page 57 of the Rise of the Separatists Sourcebook for details.[P][H3]Sources:[h3][H4]Page 57 - Rise of the Separatists[h4]<div>Comes with built-in comlink. </div><div>Adds [BO][BO] to checks to avoid adverse effects of cold temperatures. </div><div>Removes [SE] imposed by cold-weather conditions on Perception checks. </div>"
		},
		{
			"id": "Hauling Harness",
			"name": "Hauling Harness",
			"description": "[H3]Hauling Harness[h3]\n      Please see page 48 of the Desperate Allies Sourcebook for details.[P][H3]Sources:[h3][H4]Page 48 - Desperate Allies[h4]<div>Increases Encumbrance Threshold Mod - Increase Encumbrance Threshold by 1 Compte 6</div>"
		},
		{
			"id": "Heavy Battle Armor",
			"name": "Heavy Battle Armor",
			"description": "[H3]Heavy Battle Armor[h3]\n      Please see page 170 of the Edge of the Empire Core Rulebook, page 184 of the Age of Rebellion Core Rulebook, or page 47 of the Keeping the Peace sourcebook for details.[P][H3]Sources:[h3][H4]Page 170 - Edge of the Empire Core Rulebook[h4][H4]Page 184 - Age of Rebellion Core Rulebook[h4][H4]Page 47 - Keeping the Peace[h4]"
		},
		{
			"id": "Heavy Clothing",
			"name": "Heavy Clothing",
			"description": "[H3]Heavy Clothing[h3]\n      Please see page 169 of the Edge of the Empire Core Rulebook, page 185 of the Age of Rebellion Core Rulebook, or page 180 of the Force and Destiny Core Rulebook for details.[P][H3]Sources:[h3][H4]Page 169 - Edge of the Empire Core Rulebook[h4][H4]Page 185 - Age of Rebellion Core Rulebook[h4][H4]Page 180 - Force and Destiny Core Rulebook[h4]"
		},
		{
			"id": "Heavy Robes",
			"name": "Heavy Robes",
			"description": "[H3]Heavy Robes[h3]\n      Please see page 56 of the Rise of the Separatists Sourcebook for details.[P][H3]Sources:[h3][H4]Page 56 - Rise of the Separatists[h4]"
		},
		{
			"id": "Holographic Costume",
			"name": "Holographic Costume",
			"description": "[H3]Holographic Costume[h3]\n      Please see page 48 of the Desperate Allies Sourcebook for details.[P][H3]Sources:[h3][H4]Page 48 - Desperate Allies[h4]<div>[B]Easy ([DI]) Computers check to record new garment, [B]Daunting ([DI][DI][DI][DI]) Computers check[b] to record facsimile of garment. </div>"
		},
		{
			"id": "Hunter's Trophy Armor",
			"name": "Hunter's Trophy Armor",
			"description": "[H3]Hunter's Trophy Armor[h3]\n      Please see page 49 of the No Disintegrations Sourcebook for details.\n      [P][I]Note:  If making your own suit from owned hides, price/rarity drops to 1000/6.[i][P][H3]Sources:[h3][H4]Page 49 - No Disintegrations[h4]"
		},
		{
			"id": "Hutt Shell Armor",
			"name": "Hutt Shell Armor",
			"description": "[H3]Hutt Shell Armor[h3]\n      Please see page 104 of the Lords of Nal Hutta Sourcebook for details.[P][H3]Sources:[h3][H4]Page 104 - Lords of Nal Hutta[h4]<div>May only be worn by a Hutt. </div><div>Allows wearer to hover up to five meters above the ground. </div><div>Allows wearer to ignore the affects of Awkward and Ponderous abilities. </div><div>Does not have to spend additional maneuvers when navigating difficult terrain. </div>"
		},
		{
			"id": "Imperial Hazard Trooper Armor",
			"name": "Imperial Hazard Trooper Armor",
			"description": "[H3]Imperial Hazard Trooper Armor[h3]\n      Please see page 49 of the Forged in Battle Sourcebook for details.[P][H3]Sources:[h3][H4]Page 49 - Forged in Battle[h4]<div>Remove [SE][SE] due to darkness, smoke or similar environmental factors that obscure vision from the wearer's Perception, Vigilance, and combat checks. </div>"
		},
		{
			"id": "Imperial Storm Commando Armor",
			"name": "Imperial Storm Commando Armor",
			"description": "[H3]Imperial Storm Commando Armor[h3]\n      Please see page 49 of the Forged in Battle Sourcebook for details.[P][H3]Sources:[h3][H4]Page 49 - Forged in Battle[h4]<div>Helmet is equipped with macrobinoculars, scanner goggles, and a comlink. </div><div>While wearing storm commando armor, a character removes [SE] due to darkness, smoke, or similar environmental factors that obscure vision from all Perception, Vigilance, and combat checks. </div><div>Adds [SE] to other characters' Perception checks to detect the wearer. </div>"
		},
		{
			"id": "Individual Field Disruptor",
			"name": "Individual Field Disruptor",
			"description": "[H3]Individual Field Disruptor[h3]\n      Please see page 45 of the Disciples of Harmony Sourcebook for details.[P][H3]Sources:[h3][H4]Page 45 - Disciples of Harmony[h4]<div>When in contact with another energy field, the field ceases to offer any defense. </div><div>When entering engaged range with a droid, the droid suffers 5 Stun damage. </div><div>When entering engaged range with an electronic device, the device becomes inactive for the rest of the encounter. </div>"
		},
		{
			"id": "Jedi Battle Armor",
			"name": "Jedi Battle Armor",
			"description": "[H3]Jedi Battle Armor[h3]\n      Please see page 47 of the Keeping the Peace Sourcebook for details.[P][H3]Sources:[h3][H4]Page 47 - Keeping the Peace[h4]<div>Wearing Jedi Battle Armor fitted for someone else adds [SE][SE] to all combat checks. </div><div>Fitting to new wearer requires a [B]Hard ([DI][DI][DI]) Mechanics check[b] and an hour to complete. </div>"
		},
		{
			"id": "Jedi Commander Armor",
			"name": "Jedi Commander Armor",
			"description": "[H3]Jedi Commander Armor[h3]\n      Please see page 57 of the Rise of the Separatists Sourcebook for details.[P][H3]Sources:[h3][H4]Page 57 - Rise of the Separatists[h4]"
		},
		{
			"id": "Jedi Temple Guard Armor",
			"name": "Jedi Temple Guard Armor",
			"description": "[H3]Jedi Temple Guard Armor[h3]\n      Please see page 48 of the Keeping the Peace Sourcebook for details.[P][H3]Sources:[h3][H4]Page 48 - Keeping the Peace[h4]<div>Contains helmet comlink. </div><div>Contains integrated scanner. </div>"
		},
		{
			"id": "Jedi Training Suit (Unweighted)",
			"name": "Jedi Training Suit (Unweighted)",
			"description": "[H3]Jedi Training Suit (Unweighted)[h3]\n      Please see page 48 of the Keeping the Peace Sourcebook for details.[P][H3]Sources:[h3][H4]Page 48 - Keeping the Peace[h4]"
		},
		{
			"id": "Jedi Training Suit (Weighted)",
			"name": "Jedi Training Suit (Weighted)",
			"description": "[H3]Jedi Training Suit (Weighted)[h3]\n      Please see page 48 of the Keeping the Peace Sourcebook for details.[P][H3]Sources:[h3][H4]Page 48 - Keeping the Peace[h4]<div>Removing weights requires an [B]Easy ([DI]) Mechanics check[b]. </div>"
		},
		{
			"id": "Karflo Thinsuit",
			"name": "Karflo Thinsuit",
			"description": "[H3]Karflo Thinsuit[h3]\n      Please see page 50 of the Forged in Battle Sourcebook for details.[P][H3]Sources:[h3][H4]Page 50 - Forged in Battle[h4]<div>Remove [SE][SE] from checks imposed by environment in which the user is currently operating. </div>"
		},
		{
			"id": "Kav-Dann Power Armor",
			"name": "Kav-Dann Power Armor",
			"description": "[H3]Kav-Dann Power Armor[h3]\n      Please see page 48 of the Keeping the Peace Sourcebook for details.[P][H3]Sources:[h3][H4]Page 48 - Keeping the Peace[h4]<div>Remove [SE] caused by darkness, smoke, or other environmental factors that might affect vision from Perception, Vigilance, and Combat checks. </div><div>Gain [BO] to resist the effects of radiation. </div>"
		},
		{
			"id": "Koromondian Half-Vest",
			"name": "Koromondian Half-Vest",
			"description": "[H3]Koromondian Half-Vest[h3]\n      Please see page 49 of the Keeping the Peace Sourcebook for details.[P][H3]Sources:[h3][H4]Page 49 - Keeping the Peace[h4]<div>When wearer suffers Critical Injury, armor suffers minor damage, or increases current damage by one step. </div>"
		},
		{
			"id": "Laminate",
			"name": "Laminate",
			"description": "[H3]Laminate (Stormtrooper Armor)[h3]\n      Please see page 169 of the Edge of the Empire Core Rulebook, or page 185 of the Age of Rebellion Core Rulebook, for details.[P][H3]Sources:[h3][H4]Page 169 - Edge of the Empire Core Rulebook[h4][H4]Page 185 - Age of Rebellion Core Rulebook[h4]"
		},
		{
			"id": "Lector's Outfit",
			"name": "Lector's Outfit",
			"description": "[H3]Lector's Outfit[h3]\n      Please see page 48 of the Desperate Allies Sourcebook for details.[P][H3]Sources:[h3][H4]Page 48 - Desperate Allies[h4]<div>Add [BO] to social checks involving large groups of listeners. </div><div>Can be heard clearly at considerable range. </div>"
		},
		{
			"id": "Leviathan Power Armor",
			"name": "Leviathan Power Armor",
			"description": "[H3]Leviathan Power Armor[h3]\n      Please see page 109 of the Strongholds of Resistance Sourcebook for details.[P][H3]Sources:[h3][H4]Page 109 - Strongholds of Resistance[h4]<div>Includes a built-in respirator </div><div>Includes a built-in Mini-Torpedo Launcher </div><div>Includes a built-in DF-D1 Duo-Flechette Rifle </div><div>Reduces the difficulty of Resilience checks made\n          to resist the effects extreme cold by one.\n          Removes up to [SETBACK][SETBACK] added to checks\n          due to extreme cold. </div><div>Removes up to [SETBACK][SETBACK] added to all Perception,\n          Vigilance, and combat skill checks\n          due to darkness, smoke, or other environmental effects\n          that obscure vision. </div>"
		},
		{
			"id": "Mandalorian Armor",
			"name": "Mandalorian Armor",
			"description": "[H3]Mandalorian Armor[h3]\n      Please see page 50 of the No Disintegrations Sourcebook for details.[P][H3]Sources:[h3][H4]Page 50 - No Disintegrations[h4]"
		},
		{
			"id": "Mechanic's Utility Suit",
			"name": "Mechanic's Utility Suit",
			"description": "[H3]Mechanic's Utility Suit[h3]\n      Please see page 48 of the Special Modifications Sourcebook for details.[P][H3]Sources:[h3][H4]Page 48 - Special Modifications[h4]<div>Counts as having a tool kit. </div>"
		},
		{
			"id": "Mimetic Suit",
			"name": "Mimetic Suit",
			"description": "[H3]Mimetic Suit[h3]\n      Please see page 47 of the Fly Casual Sourcebook for details.[P][H3]Sources:[h3][H4]Page 47 - Fly Casual[h4]"
		},
		{
			"id": "Mk I Katarn-Class Commando Armor",
			"name": "Mk I Katarn-Class Commando Armor",
			"description": "[H3]Mk I [I]Katarn[i] -Class Commando Armor[h3]\n      Please see page 47 of the Knights of Fate Sourcebook for details.[P][H3]Sources:[h3][H4]Page 47 - Knights of Fate[h4]<div>Suit provides all benefits of a combat scanner </div><div>Suit provides all benefits of a breath mask </div><div>Increases Encumbrance Threshold by 3 Mod - Increase Encumbrance Threshold by 3 </div>"
		},
		{
			"id": "Mk I Nightstalker Suit",
			"name": "Mk I Nightstalker Suit",
			"description": "[H3]Bantin Corp Mk I Nightstalker Suit[h3]\n      Please see page 41 of the Cyphers and Masks Sourcebook for details.[P][H3]Sources:[h3][H4]Page 41 - Cyphers and Masks[h4]"
		},
		{
			"id": "Mk II \"Hotspot\" Insulated Armor",
			"name": "Mk II \"Hotspot\" Insulated Armor",
			"description": "[H3]Mk II \"Hotspot\" Insulated Armor[h3]\n      Please see page 57 of the Rise of the Separatists Sourcebook for details.[P][H3]Sources:[h3][H4]Page 57 - Rise of the Separatists[h4]<div>Comes with built-in comlink. </div><div>Adds [BO][BO] to checks to avoid adverse effects of extreme heat or toxic gas. </div><div>Attackers must spend one additional [AD] to activate Burn quality and treat rating as one less. </div>"
		},
		{
			"id": "Mk IX Personal Mimetic Concealment Suit",
			"name": "Mk IX Personal Mimetic Concealment Suit",
			"description": "[H3]Cyricept Mk IX Personal Mimetic Concealment Suit[h3]\n      Please see page 42 of the Cyphers and Masks Sourcebook for details.[P][H3]Sources:[h3][H4]Page 42 - Cyphers and Masks[h4]<div>GM may spend [TH][TH][TH] or [DE] to cause the power pack to run out. </div>"
		},
		{
			"id": "Mk. III Flak Vest",
			"name": "Mk. III Flak Vest",
			"description": "[H3]Mk. III Flak Vest[h3]\n      Please see page 49 of the Dangerous Covenants Sourcebook for details.[P][H3]Sources:[h3][H4]Page 49 - Dangerous Covenants[h4]<div>Add +1 Soak against damage from the Blast quality. </div>"
		},
		{
			"id": "Mk.II \"Steelskin\" Anti-Concussive Armor",
			"name": "Mk.II \"Steelskin\" Anti-Concussive Armor",
			"description": "[H3]Loronar Coporation Mk.II \"Steelskin\" Anti-Concussive Armor[h3]\n      Please see page 49 of the Dangerous Covenants Sourcebook for details.[P][H3]Sources:[h3][H4]Page 49 - Dangerous Covenants[h4]<div>Reduce the duration of disoriented or staggered condition by 1 round. </div>"
		},
		{
			"id": "Mk.IV Riot Armor",
			"name": "Mk.IV Riot Armor",
			"description": "[H3]Creshaldyne Mk.IV Riot Armor[h3]\n      Please see page 44 of the Far Horizons Sourcebook for details.[P][H3]Sources:[h3][H4]Page 44 - Far Horizons[h4]<div>Built-in breath mask </div><div>Reduce duration of disoriented or staggered results by one round (minimum of one round). </div>"
		},
		{
			"id": "N-57 Armor",
			"name": "N-57 Armor",
			"description": "[H3]Merr-Sonn N-57 Armor[h3]\n      Please see page 48 of the Special Modifications Sourcebook for details.[P][H3]Sources:[h3][H4]Page 48 - Special Modifications[h4]<div>As a maneuver, may recharge energy weapon that has run out of ammo. </div>"
		},
		{
			"id": "Noble Regalia",
			"name": "Noble Regalia",
			"description": "[H3]Noble Regalia[h3]\n      Please see page 49 of the Desperate Allies Sourcebook for details.[P][H3]Sources:[h3][H4]Page 49 - Desperate Allies[h4]<div>Downgrade difficulty of social checks to interact with nobility or subordinates once. </div>"
		},
		{
			"id": "Nomad Greatcoat",
			"name": "Nomad Greatcoat",
			"description": "[H3]Nomad Greatcoat[h3]\n      Please see page 99 of the Suns of Fortune Sourcebook for details.[P][H3]Sources:[h3][H4]Page 99 - Suns of Fortune[h4]<div>Reduces difficulty of Resilience checks made to resist the effects of extreme cold by 1 </div><div>Removes [SETBACK] added to checks due to extreme cold </div>"
		},
		{
			"id": "P-14 Hazardous Industry Suit",
			"name": "P-14 Hazardous Industry Suit",
			"description": "[H3]SoroSuub P-14 Hazardous Industry Suit[h3]\n      Please see page 48 of the Special Modifications Sourcebook for details.[P][H3]Sources:[h3][H4]Page 48 - Special Modifications[h4]<div>Counts as wearing a breath mask. </div><div>Add [BO][BO] to [B]Resilience checks[b] to resist heat, cold, radiation, or other hostile environmental conditions. </div><div>Wearer does not suffer effects of Burn or Disorient qualities. </div><div>When suffering strain to take an extra maneuver, suffer 1 additional strain. </div>"
		},
		{
			"id": "PX-11 \"Battlement\" Powered Armor",
			"name": "PX-11 \"Battlement\" Powered Armor",
			"description": "[H3]Arakyd Industries PX-11 \"Battlement\" Powered Armor[h3]\n      Please see page 51 of the Dangerous Covenants Sourcebook for details.[P][H3]Sources:[h3][H4]Page 51 - Dangerous Covenants[h4]<div>Remove [SETBACK][SETBACK] from Perception, Vigilance, and combat checks imposed by darkness, smoke, or similar environmental factors that obscure vision. </div>"
		},
		{
			"id": "Padded Armor",
			"name": "Padded Armor",
			"description": "[H3]Padded Armor[h3]\n      Please see page 169 of the Edge of the Empire Core Rulebook, page 185 of the Age of Rebellion Core Rulebook, or page 180 of the Force and Destiny Core Rulebook for details.[P][H3]Sources:[h3][H4]Page 169 - Edge of the Empire Core Rulebook[h4][H4]Page 185 - Age of Rebellion Core Rulebook[h4][H4]Page 180 - Force and Destiny Core Rulebook[h4]"
		},
		{
			"id": "Performer's Attire",
			"name": "Performer's Attire",
			"description": "[H3]Performer's Attire[h3]\n      Please see page 49 of the Desperate Allies Sourcebook for details.[P][H3]Sources:[h3][H4]Page 49 - Desperate Allies[h4]<div>Add [BO] to checks to perform or attract attention. </div>"
		},
		{
			"id": "Personal Deflector Shield",
			"name": "Personal Deflector Shield",
			"description": "[H3]Personal Deflector Shield[h3]\n      Please see page 170 of the Edge of the Empire Core Rulebook, or page 185 of the Age of Rebellion Core Rulebook, for details.[P][H3]Sources:[h3][H4]Page 170 - Edge of the Empire Core Rulebook[h4][H4]Page 185 - Age of Rebellion Core Rulebook[h4]<div>GM may spend [DE] to have the personal deflector shield run out of power for the remainder of the encounter </div>"
		},
		{
			"id": "Phase I ARC Trooper Armor",
			"name": "Phase I ARC Trooper Armor",
			"description": "[H3]Phase I ARC Trooper Armor[h3]\n      Please see page 48 of the Knights of Fate Sourcebook, or page 58 of the Rise of the Separatists Sourcebook, for details.[P][H3]Sources:[h3][H4]Page 48 - Knights of Fate[h4][H4]Page 58 - Rise of the Separatists[h4]<div>Provides all benefits of a hardened comlink </div><div>Increases Encumbrance Threshold by 3 Mod - Increase Encumbrance Threshold by 3 </div>"
		},
		{
			"id": "Phase I Clone Trooper Armor",
			"name": "Phase I Clone Trooper Armor",
			"description": "[H3]Phase I Clone Trooper Armor[h3]\n      Please see page 58 of the Rise of the Separatists Sourcebook, for details.[P][H3]Sources:[h3][H4]Page 58 - Rise of the Separatists[h4]<div>Provides all benefits of a comlink </div><div>Wearer suffers [SE] to Coordination checks until acclimated to armor. </div>"
		},
		{
			"id": "Pioneer Armor",
			"name": "Pioneer Armor",
			"description": "[H3]Pioneer Armor[h3]\n      Please see page 43 of the Fully Operational Sourcebook for details.[P][H3]Sources:[h3][H4]Page 43 - Fully Operational[h4]<div>Increases Encumbrance Threshold Mod - Increase Encumbrance Threshold by 1 Compte 3</div>"
		},
		{
			"id": "Pit Crew Coveralls",
			"name": "Pit Crew Coveralls",
			"description": "[H3]Pit Crew Coveralls[h3]\n      Please see page 44 of the Endless Vigil Sourcebook for details.[P][H3]Sources:[h3][H4]Page 44 - Endless Vigil[h4]<div>Reduce damage from fires and weapons with the Burn quality by 1. </div><div>Increases Encumbrance Threshold Mod - Increase Encumbrance Threshold by 1 </div>"
		},
		{
			"id": "Polis Masson Bodysuit",
			"name": "Polis Masson Bodysuit",
			"description": "[H3]Polis Masson Bodysuit[h3]\n      Please see page 109 of the Strongholds of Resistance Sourcebook for details.[P][H3]Sources:[h3][H4]Page 109 - Strongholds of Resistance[h4]<div>Includes a head-mounted multidirectional glow rod. </div><div>Increases Encumbrance Threshold Mod - Increase Encumbrance Threshold by 1 </div>"
		},
		{
			"id": "Powered Capacitive Armor",
			"name": "Powered Capacitive Armor",
			"description": "[H3]Powered Capacitive Armor[h3]\n      Please see page 49 of the Desperate Allies Sourcebook for details.[P][H3]Sources:[h3][H4]Page 49 - Desperate Allies[h4]<div>As maneuver, power up and add +1 defense and +1 soak, but lose free maneuver. </div>"
		},
		{
			"id": "Protector 1 Combat Armor",
			"name": "Protector 1 Combat Armor",
			"description": "[H3]Taggeco Protector 1 Combat Armor[h3]\n      Please see page 49 of the Dangerous Covenants Sourcebook for details.[P][H3]Sources:[h3][H4]Page 49 - Dangerous Covenants[h4]"
		},
		{
			"id": "Rebel Heavy Battle Armor",
			"name": "Rebel Heavy Battle Armor",
			"description": "[H3]Rebel Heavy Battle Armor[h3]\n      Please see page 50 of the Forged in Battle Sourcebook for details.[P][H3]Sources:[h3][H4]Page 50 - Forged in Battle[h4]<div>Equipped with a helmet-fitted breath mask and respirator. </div>"
		},
		{
			"id": "Reflect Body Glove",
			"name": "Reflect Body Glove",
			"description": "[H3]Reflect Body Glove[h3]\n      Please see page 46 of the Disciples of Harmony Sourcebook for details.[P][H3]Sources:[h3][H4]Page 46 - Disciples of Harmony[h4]<div>Add [SE][SE] to Vigilance and Perception checks to notice the body glove. </div><div>After each successful combat check against wearer is resolved, reduce Soak by 1, to a minimum of 0. </div><div>Original Soak value may be restored by making a successful [B]Average ([DI][DI]) Mechanics check[b]. </div>"
		},
		{
			"id": "Reinforced Environment Gear",
			"name": "Reinforced Environment Gear",
			"description": "[H3]Reinforced Environment Gear[h3]\n      Please see page 44 of the Far Horizons Sourcebook for details.[P][H3]Sources:[h3][H4]Page 44 - Far Horizons[h4]<div>Removes [SETBACK] imposed by environmental conditions. </div><div>Add [BOOST] to Resilience checks to resist toxic atmospheres or airborne toxins. </div>"
		},
		{
			"id": "Resplendent Robes",
			"name": "Resplendent Robes",
			"description": "[H3]Resplendent Robes[h3]\n      Please see page 49 of the Desperate Allies Sourcebook for details.[P][H3]Sources:[h3][H4]Page 49 - Desperate Allies[h4]<div>If wearer draws attention to himself, allies in medium range add [BO] to Perception, Skulduggery, and Stealth checks. </div>"
		},
		{
			"id": "Riot Armor",
			"name": "Riot Armor",
			"description": "[H3]Riot Armor[h3]\n      Please see page 49 of the Keeping the Peace Sourcebook for details.[P][H3]Sources:[h3][H4]Page 49 - Keeping the Peace[h4]"
		},
		{
			"id": "Sakiyan Shadowsuit",
			"name": "Sakiyan Shadowsuit",
			"description": "[H3]Sakiyan Shadowsuit[h3]\n      Please see page 105 of the Lords of Nal Hutta Sourcebook for details.[P][H3]Sources:[h3][H4]Page 105 - Lords of Nal Hutta[h4]"
		},
		{
			"id": "Scavenged Clone Armor",
			"name": "Scavenged Clone Armor",
			"description": "[H3]Scavenged Clone Armor[h3]\n      Please see page 58 of the Rise of the Separatists Sourcebook, for details.[P][H3]Sources:[h3][H4]Page 58 - Rise of the Separatists[h4]<div>Wearer may suffers [SE] or more on interactions with Republic officials and representatives. </div>"
		},
		{
			"id": "SeaScape Diving Suit",
			"name": "SeaScape Diving Suit",
			"description": "[H3]SeaScape Diving Suit[h3]\n      Please see page 46 of the Disciples of Harmony Sourcebook for details.[P][H3]Sources:[h3][H4]Page 46 - Disciples of Harmony[h4]<div>Wearer does not suffer movement penalties for traveling through water. </div>"
		},
		{
			"id": "Second Skin Armor",
			"name": "Second Skin Armor",
			"description": "[H3]Second Skin Armor[h3]\n      Please see page 49 of the Desperate Allies Sourcebook for details.[P][H3]Sources:[h3][H4]Page 49 - Desperate Allies[h4]<div>Add [SE][SE] to Perception checks to notice second skin armor on the wearer. </div>"
		},
		{
			"id": "Sith Pain Harness",
			"name": "Sith Pain Harness",
			"description": "[H3]Sith Pain Harness[h3]\n      Please see page 51 of the Unlimited Power Sourcebook for details.[P][H3]Sources:[h3][H4]Page 51 - Unlimited Power[h4]<div>Wearer may suffer 1 wound as incidental to add [SU] to next Discipline check that round.  Must suffer 1 Conflict. </div>"
		},
		{
			"id": "Skakoan Pressure Suit",
			"name": "Skakoan Pressure Suit",
			"description": "[H3]Skakoan Pressure Suit[h3]\n      Please see page 23 of the Fully Operational Sourcebook for details.[P][H3]Sources:[h3][H4]Page 23 - Fully Operational[h4]<div>Allows Skakoans to breath in non-methane atmospheres. </div><div>Cannot acquire unless on Skako. </div>"
		},
		{
			"id": "Smuggler's Trenchcoat",
			"name": "Smuggler's Trenchcoat",
			"description": "[H3]Smuggler's Trenchcoat[h3]\n      Please see page 47 of the Fly Casual Sourcebook for details.[P][H3]Sources:[h3][H4]Page 47 - Fly Casual[h4]<div>Checks to find anything hidden within a smuggler's trenchcoat are opposed by the Skulduggery of the wearer. </div><div>The coat can conceal up to 2 encumbrance worth of items. </div>"
		},
		{
			"id": "Survivalist Armor",
			"name": "Survivalist Armor",
			"description": "[H3]Creshaldyne Survivalist Armor[h3]\n      Please see page 45 of the Savage Spirits Sourcebook for details.[P][H3]Sources:[h3][H4]Page 45 - Savage Spirits[h4]<div>Increases Encumbrance Threshold Mod - Increase Encumbrance Threshold by 1 </div>"
		},
		{
			"id": "TX-3 Combat Flight Suit",
			"name": "TX-3 Combat Flight Suit",
			"description": "[H3]TX-3 Combat Flight Suit[h3]\n      Please see page 99 of the Suns of Fortune Sourcebook for details.[P][H3]Sources:[h3][H4]Page 99 - Suns of Fortune[h4]<div>May survive up to 24 hours in a vacuum </div>"
		},
		{
			"id": "Tailored Armored Jacket",
			"name": "Tailored Armored Jacket",
			"description": "[H3]Tailored Armored Jacket[h3]\n      Please see page 44 of the Far Horizons Sourcebook for details.[P][H3]Sources:[h3][H4]Page 44 - Far Horizons[h4]<div>Add [ADVANTAGE] to any successful Charm, Deception, or Negotation checks. </div>"
		},
		{
			"id": "Timber Cuirass",
			"name": "Timber Cuirass",
			"description": "[H3]Sith Pain Harness[h3]\n      Please see page 51 of the Unlimited Power Sourcebook for details.[P][H3]Sources:[h3][H4]Page 51 - Unlimited Power[h4]"
		},
		{
			"id": "Type III \"Berethron\" Personal Modular Armor",
			"name": "Type III \"Berethron\" Personal Modular Armor",
			"description": "[H3]Type III \"Berethron\" Personal Modular Armor[h3]\n      Please see page 99 of the Suns of Fortune Sourcebook for details.[P][H3]Sources:[h3][H4]Page 99 - Suns of Fortune[h4]"
		},
		{
			"id": "Verpine Fiber Ultramesh Armor",
			"name": "Verpine Fiber Ultramesh Armor",
			"description": "[H3]Verpine Fiber Ultramesh Armor[h3]\n      Please see page 109 of the Strongholds of Resistance Sourcebook for details.[P][H3]Sources:[h3][H4]Page 109 - Strongholds of Resistance[h4]<div>Armor may be powered up/down as a maneuver.  While powered up, gain +2 defenses. [AD][AD] or [TR] from hostile Combat check can cause armor to run out of power.  Cannot be powered up again until end of encounter. </div>"
		},
		{
			"id": "Waterweave",
			"name": "Waterweave",
			"description": "[H3]Waterweave[h3]\n      Please see page 51 of the Unlimited Power Sourcebook for details.[P][H3]Sources:[h3][H4]Page 51 - Unlimited Power[h4]<div>When submerged, encumbrance changes to 0. </div>"
		},
		{
			"id": "Zephyr Stealth Suit",
			"name": "Zephyr Stealth Suit",
			"description": "[H3]Zephyr Stealth Suit[h3]\n      Please see page 44 of the Endless Vigil Sourcebook for details.[P][H3]Sources:[h3][H4]Page 44 - Endless Vigil[h4]"
		}
	]
}