{
	"label": "oggdude.Specializations-fr",
	"mapping": {
		"description": "data.description"
	},
	"entries": [
		{
			"id": "Advisor",
			"name": "Advisor to translate",
			"description": "[H4]Advisor[h4]\nPlease see page 81 of the Force and Destiny Core  Rulebook for details.[P][H3]Sources:[h3][H4]Page 81 - Force and Destiny Core Rulebook[h4]"
		},
		{
			"id": "Advocate",
			"name": "Advocate",
			"description": "[H4]Advocate[h4]\nPlease see page 26 of the Desperate Allies Sourcebook for details."
		},
		{
			"id": "Aggressor",
			"name": "Aggressor",
			"description": "[H4]Aggressor[h4]\nPlease see page 99 of the Force and Destiny Core Rulebook for details.[P][H3]Sources:[h3][H4]Page 99 - Force and Destiny Core Rulebook[h4]"
		},
		{
			"id": "Agitator",
			"name": "Agitator",
			"description": "[H4]Agitator - Rousing the Masses[h4]\n    Please see page 80 of the Age of Rebellion Core Rulebook for details.[P][H3]Sources:[h3][H4]Page 80 - Age of Rebellion Core Rulebook[h4]"
		},
		{
			"id": "Alchemist",
			"name": "Alchemist",
			"description": "[H4]Alchemist[h4]\nPlease see page 26 of the Unlimited Power Sourcebook for details.[P][H3]Sources:[h3][H4]Page 26 - Unlimited Power[h4]"
		},
		{
			"id": "Ambassador",
			"name": "Ambassador",
			"description": "[H4]Ambassador - Courting Support[h4]\n    Please see page 79 of the Age of Rebellion Core Rulebook for details.[P][H3]Sources:[h3][H4]Page 79 - Age of Rebellion Core Rulebook[h4]"
		},
		{
			"id": "Analyst",
			"name": "Analyst",
			"description": "[H4]Analyst[h4]\nPlease see page 28 of the Desperate Allies Sourcebook for details."
		},
		{
			"id": "Arbiter",
			"name": "Arbiter",
			"description": "[H4]Arbiter[h4]\n\nPlease see page 22 of the Disciples of Harmony Sourcebook for details.[P][H3]Sources:[h3][H4]Page 22 - Disciples of Harmony[h4]"
		},
		{
			"id": "Archaeologist",
			"name": "Archaeologist",
			"description": "[H4]Archaeologist[h4]\n    Please see page 25 of the Enter the Unknown Sourcebook for details.[P][H3]Sources:[h3][H4]Page 25 - Enter the Unknown[h4]"
		},
		{
			"id": "Armorer",
			"name": "Armorer",
			"description": "[H4]Armorer[h4]\n  Please see page 24 of the Keeping the Peace sourcebook for details.[P][H3]Sources:[h3][H4]Page 24 - Keeping the Peace[h4]"
		},
		{
			"id": "Artisan",
			"name": "Artisan",
			"description": "[H4]Artisan[h4]\nPlease see page 93 of the Force and Destiny Core Rulebook for details.[P][H3]Sources:[h3][H4]Page 93 - Force and Destiny Core Rulebook[h4]"
		},
		{
			"id": "Ascetic",
			"name": "Ascetic",
			"description": "[H4]Ascetic[h4]\n\nPlease see page 24 of the Disciples of Harmony Sourcebook for details.[P][H3]Sources:[h3][H4]Page 24 - Disciples of Harmony[h4]"
		},
		{
			"id": "Assassin",
			"name": "Assassin",
			"description": "[H4]Assassin — Instrument of Policy[h4]\n    Please see page 59 of the Edge of the Empire Core Rulebook for details.[P][H3]Sources:[h3][H4]Page 59 - Edge of the Empire Core Rulebook[h4]"
		},
		{
			"id": "Ataru Striker",
			"name": "Ataru Striker",
			"description": "[H4]Ataru Striker[h4]\nPlease see page 87 of the Force and Destiny Core Rulebook for details.[P][H3]Sources:[h3][H4]Page 87 - Force and Destiny Core Rulebook[h4]"
		},
		{
			"id": "Beast Rider",
			"name": "Beast Rider",
			"description": "[H4]Beast Rider[h4]\nPlease see page 26 of the Stay on Target Sourcebook for details."
		},
		{
			"id": "Big-Game Hunter",
			"name": "Big-Game Hunter",
			"description": "[H4]Big-Game Hunter[h4]\n    Please see page 27 of the Enter the Unknown Sourcebook for details.[P][H3]Sources:[h3][H4]Page 27 - Enter the Unknown[h4]"
		},
		{
			"id": "Bodyguard",
			"name": "Bodyguard",
			"description": "[H4]Bodyguard — Personal Defender[h4]\n    Please see page 77 of the Edge of the Empire Core Rulebook for details.[P][H3]Sources:[h3][H4]Page 77 - Edge of the Empire Core Rulebook[h4]"
		},
		{
			"id": "Charmer",
			"name": "Charmer",
			"description": "[H4]Charmer - The Smooth Operator[h4]\n    Please see page 26 of the Fly Casual Sourcebook for details."
		},
		{
			"id": "Clone Officer",
			"name": "Clone Officer",
			"description": "[H4]Clone Officer[h4]\nPlease see page 21 of the Rise of the Separatists Sourcebook for details.[P][H3]Sources:[h3][H4]Page 21 - Rise of the Separatists[h4]"
		},
		{
			"id": "Clone Pilot",
			"name": "Clone Pilot",
			"description": "[H4]Clone Pilot[h4]\nPlease see page 22 of the Rise of the Separatists Sourcebook for details.[P][H3]Sources:[h3][H4]Page 22 - Rise of the Separatists[h4]"
		},
		{
			"id": "Clone Trooper",
			"name": "Clone Trooper",
			"description": "[H4]Clone Trooper[h4]\nPlease see page 23 of the Rise of the Separatists Sourcebook for details.[P][H3]Sources:[h3][H4]Page 23 - Rise of the Separatists[h4]"
		},
		{
			"id": "Colossus",
			"name": "Colossus",
			"description": "[H4]Colossus[h4]\nPlease see page 24 of the Knights of Fate Sourcebook for details.[P][H3]Sources:[h3][H4]Page 24 - Knights of Fate[h4]"
		},
		{
			"id": "Commando",
			"name": "Commando",
			"description": "[H4]Commando - Strike the Target[h4]\n    Please see page 91 of the Age of Rebellion Core Rulebook for details.[P][H3]Sources:[h3][H4]Page 91 - Age of Rebellion Core Rulebook[h4]"
		},
		{
			"id": "Commodore",
			"name": "Commodore",
			"description": "[H4]Commodore - Capital Command[h4]\n    Please see page 73 of the Age of Rebellion Core Rulebook for details.[P][H3]Sources:[h3][H4]Page 73 - Age of Rebellion Core Rulebook[h4]"
		},
		{
			"id": "Courier",
			"name": "Courier",
			"description": "[H4]Courier[h4]\nPlease see page 24 of the Cyphers and Masks Sourcebook for details.[P][H3]Sources:[h3][H4]Page 24 - Cyphers and Masks[h4]"
		},
		{
			"id": "Cyber Tech",
			"name": "Cyber Tech",
			"description": "[H4]Cyber Tech[h4]\nPlease see page 28 of the Special Modifications Sourcebook for details.[P][H3]Sources:[h3][H4]Page 28 - Special Modifications[h4]"
		},
		{
			"id": "Demolitionist",
			"name": "Demolitionist",
			"description": "[H4]Demolitionist — Force of Destruction[h4]\n    Please see page 28 of the Dangerous Covenants Sourcebook for details.[P][H3]Sources:[h3][H4]Page 28 - Dangerous Covenants[h4]"
		},
		{
			"id": "Doctor",
			"name": "Doctor",
			"description": "[H4]Doctor — The Gift of Healing[h4]\n    Please see page 65 of the Edge of the Empire Core Rulebook for details.[P][H3]Sources:[h3][H4]Page 65 - Edge of the Empire Core Rulebook[h4]"
		},
		{
			"id": "Driver",
			"name": "Driver",
			"description": "[H4]Driver - Steady at the Wheel[h4]\n    Please see page 67 of the Age of Rebellion Core Rulebook, or page 29 of the Enter the Unknown Sourcebook, for details.[P][H3]Sources:[h3][H4]Page 67 - Age of Rebellion Core Rulebook[h4][H4]Page 29 - Enter the Unknown[h4]"
		},
		{
			"id": "Droid Specialist",
			"name": "Droid Specialist",
			"description": "[H4]Droid Specialist[h4]\nSee page 24 of the Fully Operational Sourcebook for details.[P][H3]Sources:[h3][H4]Page 24 - Fully Operational[h4]"
		},
		{
			"id": "Droid Tech",
			"name": "Droid Tech",
			"description": "[H4]Droid Tech[h4]\nPlease see page 30 of the Special Modifications Sourcebook for details.[P][H3]Sources:[h3][H4]Page 30 - Special Modifications[h4]"
		},
		{
			"id": "Enforcer",
			"name": "Enforcer",
			"description": "[H4]Enforcer — Ruthless Thugs[h4]\n    Please see page 26 of the Dangerous Covenants Sourcebook for details.[P][H3]Sources:[h3][H4]Page 26 - Dangerous Covenants[h4]"
		},
		{
			"id": "Entrepreneur",
			"name": "Entrepreneur",
			"description": "[H4]Entrepreneur — The Burden of Vision[h4]\nPlease see page 26 of the Far Horizons Sourcebook for details.[P][H3]Sources:[h3][H4]Page 26 - Far Horizons[h4]"
		},
		{
			"id": "Executioner",
			"name": "Executioner",
			"description": "[H4]Executioner[h4]\nPlease see page 24 of the Savage Spirits Sourcebook for details.[P][H3]Sources:[h3][H4]Page 24 - Savage Spirits[h4]"
		},
		{
			"id": "Figurehead",
			"name": "Figurehead",
			"description": "[H4]Figurehead[h4]\nPlease see page 28 of the Lead by Example Sourcebook for details.[P][H3]Sources:[h3][H4]Page 28 - Lead by Example[h4]"
		},
		{
			"id": "Force Sensitive Emergent",
			"name": "Force Sensitive Emergent",
			"description": "[H4]Force Sensitive Emergent[h4]\n    Please see page 292 of the Age of Rebellion Core Rulebook for details.[P][H3]Sources:[h3][H4]Page 292 - Age of Rebellion Core Rulebook[h4]"
		},
		{
			"id": "Force Sensitive Exile",
			"name": "Force Sensitive Exile",
			"description": "[H4]Force Sensitive Exile[h4]\n    Please see page 276 of the Edge of the Empire Core Rulebook for details.[P][H3]Sources:[h3][H4]Page 276 - Edge of the Empire Core Rulebook[h4]"
		},
		{
			"id": "Force-Sensitive Outcast",
			"name": "Force-Sensitive Outcast",
			"description": "[H4]Force-Sensitive Outcast[h4]\nPlease see page 29 of the Rise of the Separatists Sourcebook for details.[P][H3]Sources:[h3][H4]Page 29 - Rise of the Separatists[h4]"
		},
		{
			"id": "Fringer",
			"name": "Fringer",
			"description": "[H4]Fringer — Discovering Possibilities[h4]\n    Please see page 71 of the Edge of the Empire Core Rulebook for details.[P][H3]Sources:[h3][H4]Page 71 - Edge of the Empire Core Rulebook[h4]"
		},
		{
			"id": "Gadgeteer",
			"name": "Gadgeteer",
			"description": "[H4]Gadgeteer — Connoisseur of Tech[h4]\n    Please see page 60 of the Edge of the Empire Core Rulebook for details.[P][H3]Sources:[h3][H4]Page 60 - Edge of the Empire Core Rulebook[h4]"
		},
		{
			"id": "Gambler",
			"name": "Gambler",
			"description": "[H4]Gambler - The Wild Card[h4]\n    Please see page 28 of the Fly Casual Sourcebook for details."
		},
		{
			"id": "Gunner",
			"name": "Gunner",
			"description": "[H4]Gunner - Always on Target[h4]\n    Please see page 68 of the Age of Rebellion Core Rulebook for details.[P][H3]Sources:[h3][H4]Page 68 - Age of Rebellion Core Rulebook[h4]"
		},
		{
			"id": "Gunslinger",
			"name": "Gunslinger",
			"description": "[H4]Gunslinger - The Quick Draw[h4]\n    Please see page 30 of the Fly Casual Sourcebook for details."
		},
		{
			"id": "Healer",
			"name": "Healer",
			"description": "[H4]Healer[h4]\nPlease see page 69 of the Force and Destiny Core Rulebook for details.[P][H3]Sources:[h3][H4]Page 69 - Force and Destiny Core Rulebook[h4]"
		},
		{
			"id": "Heavy",
			"name": "Heavy",
			"description": "[H4]Heavy — Overwhelming Firepower[h4]\n    Please see page 30 of the Dangerous Covenants Sourcebook, or page 28 of the Forged in Battle Sourcebook, for details.[P][H3]Sources:[h3][H4]Page 30 - Dangerous Covenants[h4][H4]Page 28 - Forged in Battle[h4]"
		},
		{
			"id": "Hermit",
			"name": "Hermit",
			"description": "[H4]Hermit[h4]\nPlease see page 26 of the Savage Spirits Sourcebook for details.[P][H3]Sources:[h3][H4]Page 26 - Savage Spirits[h4]"
		},
		{
			"id": "Hotshot",
			"name": "Hotshot",
			"description": "[H4]Hotshot[h4]\nPlease see page 28 of the Stay on Target Sourcebook for details."
		},
		{
			"id": "Hunter",
			"name": "Hunter",
			"description": "[H4]Hunter[h4]\nPlease see page 88 of the Force and Destiny Core Rulebook for details.[P][H3]Sources:[h3][H4]Page 88 - Force and Destiny Core Rulebook[h4]"
		},
		{
			"id": "Infiltrator",
			"name": "Infiltrator",
			"description": "[H4]Infiltrator - Finding the Secrets[h4]\n    Please see page 97 of the Age of Rebellion Core Rulebook for details.[P][H3]Sources:[h3][H4]Page 97 - Age of Rebellion Core Rulebook[h4]"
		},
		{
			"id": "Instructor",
			"name": "Instructor",
			"description": "[H4]Instructor[h4]\nPlease see page 30 of the Lead by Example Sourcebook for details.[P][H3]Sources:[h3][H4]Page 30 - Lead by Example[h4]"
		},
		{
			"id": "Interrogator",
			"name": "Interrogator",
			"description": "[H4]Interrogator[h4]\nPlease see page 26 of the Cyphers and Masks Sourcebook for details.[P][H3]Sources:[h3][H4]Page 26 - Cyphers and Masks[h4]"
		},
		{
			"id": "Investigator",
			"name": "Investigator",
			"description": "[H4]Investigator[h4]\n\nPlease see page 24 of the Endless Vigil Sourcebook for details.[P][H3]Sources:[h3][H4]Page 24 - Endless Vigil[h4]"
		},
		{
			"id": "Juyo Berserker",
			"name": "Juyo Berserker",
			"description": "[H4]Juyo Berserker[h4]\nPlease see page 26 of the Knights of Fate Sourcebook for details.[P][H3]Sources:[h3][H4]Page 26 - Knights of Fate[h4]"
		},
		{
			"id": "Knight",
			"name": "Knight",
			"description": "[H4]Knight[h4]\nPlease see page 26 of the Rise of the Separatists Sourcebook for details.[P][H3]Sources:[h3][H4]Page 26 - Rise of the Separatists[h4]"
		},
		{
			"id": "Magus",
			"name": "Magus",
			"description": "[H4]Magus[h4]\n\nPlease see page 28 of the Unlimited Power Sourcebook for details.[P][H3]Sources:[h3][H4]Page 28 - Unlimited Power[h4]"
		},
		{
			"id": "Makashi Duelist",
			"name": "Makashi Duelist",
			"description": "[H4]Makashi Duelist[h4]\nPlease see page 82 of the Force and Destiny Core Rulebook for details.[P][H3]Sources:[h3][H4]Page 82 - Force and Destiny Core Rulebook[h4]"
		},
		{
			"id": "Marauder",
			"name": "Marauder",
			"description": "[H4]Marauder — Up Close and Personal[h4]\n    Please see page 78 of the Edge of the Empire Core Rulebook for details.[P][H3]Sources:[h3][H4]Page 78 - Edge of the Empire Core Rulebook[h4]"
		},
		{
			"id": "Marshal",
			"name": "Marshal",
			"description": "[H4]Marshal — The Burden of Peace[h4]\nPlease see page 28 of the Far Horizons Sourcebook for details.[P][H3]Sources:[h3][H4]Page 28 - Far Horizons[h4]"
		},
		{
			"id": "Martial Artist",
			"name": "Martial Artist",
			"description": "[H4]Martial Artist[h4]\nPlease see page 28 of the No Disintegrations Sourcebook for details.[P][H3]Sources:[h3][H4]Page 28 - No Disintegrations[h4]"
		},
		{
			"id": "Mechanic",
			"name": "Mechanic",
			"description": "[H4]Mechanic — Making Stuff Work[h4]\n    Please see page 89 of the Edge of the Empire Core Rulebook, or page 85 of the Age of Rebellion Core Rulebook, for details.[P][H3]Sources:[h3][H4]Page 89 - Edge of the Empire Core Rulebook[h4][H4]Page 85 - Age of Rebellion Core Rulebook[h4]"
		},
		{
			"id": "Medic",
			"name": "Medic",
			"description": "[H4]Medic - Save the Team[h4]\n    Please see page 92 of the Age of Rebellion Core Rulebook for details.[P][H3]Sources:[h3][H4]Page 92 - Age of Rebellion Core Rulebook[h4]"
		},
		{
			"id": "Mercenary Soldier",
			"name": "Mercenary Soldier",
			"description": "[H4]Mercenary Soldier— Master of War[h4]\n    Please see page 79 of the Edge of the Empire Core Rulebook for details.[P][H3]Sources:[h3][H4]Page 79 - Edge of the Empire Core Rulebook[h4]"
		},
		{
			"id": "Modder",
			"name": "Modder",
			"description": "[H4]Modder[h4]\nPlease see page 32 of the Special Modifications Sourcebook for details.[P][H3]Sources:[h3][H4]Page 32 - Special Modifications[h4]"
		},
		{
			"id": "Navigator",
			"name": "Navigator",
			"description": "[H4]Navigator[h4]\nPlease see page 28 of the Savage Spirits Sourcebook for details.[P][H3]Sources:[h3][H4]Page 28 - Savage Spirits[h4]"
		},
		{
			"id": "Niman Disciple",
			"name": "Niman Disciple",
			"description": "[H4]Niman Disciple[h4]\nPlease see page 70 of the Force and Destiny Core Rulebook for details.[P][H3]Sources:[h3][H4]Page 70 - Force and Destiny Core Rulebook[h4]"
		},
		{
			"id": "Operator",
			"name": "Operator",
			"description": "[H4]Operator[h4]\nPlease see page 30 of the No Disintegrations Sourcebook for details.[P][H3]Sources:[h3][H4]Page 30 - No Disintegrations[h4]"
		},
		{
			"id": "Outlaw Tech",
			"name": "Outlaw Tech",
			"description": "<h2>Comp&eacute;tences</h2>\n<p>Connaissance (Education), Connaissance (P&egrave;gre), M&eacute;canique, Syst&egrave;me D</p>\n<p>&nbsp;</p>\n<p>Page 90 du livre Aux confins de l'Empire pour plus de d&eacute;tails</p>"
		},
		{
			"id": "Padawan",
			"name": "Padawan",
			"description": "[H4]Padawan[h4]\nPlease see page 27 of the Rise of the Separatists Sourcebook for details.[P][H3]Sources:[h3][H4]Page 27 - Rise of the Separatists[h4]"
		},
		{
			"id": "Pathfinder",
			"name": "Pathfinder",
			"description": "[H4]Pathfinder[h4]\nPlease see page 89 of the Force and Destiny Core Rulebook for details.[P][H3]Sources:[h3][H4]Page 89 - Force and Destiny Core Rulebook[h4]"
		},
		{
			"id": "Peacekeeper",
			"name": "Peacekeeper",
			"description": "[H4]Peacekeeper[h4]\nPlease see page 75 of the Force and Destiny Core Rulebook for details.[P][H3]Sources:[h3][H4]Page 75 - Force and Destiny Core Rulebook[h4]"
		},
		{
			"id": "Performer",
			"name": "Performer",
			"description": "[H4]Performer — The Burden of Art[h4]\nPlease see page 30 of the Far Horizons Sourcebook for details.[P][H3]Sources:[h3][H4]Page 30 - Far Horizons[h4]"
		},
		{
			"id": "Pilot",
			"name": "Pilot",
			"description": "[H4]Pilot — A Galaxy of Destinations[h4]\n    Please see page 83 of the Edge of the Empire Core Rulebook, or page 69 of the Age of Rebellion Core Rulebook, for details.[P][H3]Sources:[h3][H4]Page 83 - Edge of the Empire Core Rulebook[h4][H4]Page 69 - Age of Rebellion Core Rulebook[h4]"
		},
		{
			"id": "Politico",
			"name": "Politico",
			"description": "[H4]Politico — The Gift of Leadership[h4]\n    Please see page 66 of the Edge of the Empire Core Rulebook for details.[P][H3]Sources:[h3][H4]Page 66 - Edge of the Empire Core Rulebook[h4]"
		},
		{
			"id": "Propagandist",
			"name": "Propagandist",
			"description": "[H4]Propagandist[h4]\nPlease see page 30 of the Desperate Allies Sourcebook for details."
		},
		{
			"id": "Prophet",
			"name": "Prophet",
			"description": "[H4]Prophet[h4]\n\nPlease see page 30 of the Unlimited Power Sourcebook for details.[P][H3]Sources:[h3][H4]Page 30 - Unlimited Power[h4]"
		},
		{
			"id": "Protector",
			"name": "Protector",
			"description": "[H4]Protector[h4]\nPlease see page 76 of the Force and Destiny Core Rulebook for details.[P][H3]Sources:[h3][H4]Page 76 - Force and Destiny Core Rulebook[h4]"
		},
		{
			"id": "Quartermaster",
			"name": "Quartermaster",
			"description": "[H4]Quartermaster - Managing the Resources[h4]\n    Please see page 81 of the Age of Rebellion Core Rulebook for details.[P][H3]Sources:[h3][H4]Page 81 - Age of Rebellion Core Rulebook[h4]"
		},
		{
			"id": "Racer",
			"name": "Racer",
			"description": "[H4]Racer[h4]\nPlease see page 26 of the Endless Vigil Sourcebook for details.[P][H3]Sources:[h3][H4]Page 26 - Endless Vigil[h4]"
		},
		{
			"id": "Recruit",
			"name": "Recruit",
			"description": "[H4]Recruit[h4]\n    Please see page 100 of the Age of Rebellion Core Rulebook for details.[P][H3]Sources:[h3][H4]Page 100 - Age of Rebellion Core Rulebook[h4]"
		},
		{
			"id": "Republic Navy Officer",
			"name": "Republic Navy Officer",
			"description": "[H4]Republic Navy Officer[h4]\nPlease see page 31 of the Rise of the Separatists Sourcebook for details.[P][H3]Sources:[h3][H4]Page 31 - Rise of the Separatists[h4]"
		},
		{
			"id": "Republic Representative",
			"name": "Republic Representative",
			"description": "[H4]Republic Representative[h4]\nPlease see page 33 of the Rise of the Separatists Sourcebook for details.[P][H3]Sources:[h3][H4]Page 33 - Rise of the Separatists[h4]"
		},
		{
			"id": "Rigger",
			"name": "Rigger",
			"description": "[H4]Rigger[h4]\nPlease see page 30 of the Stay on Target Sourcebook for details.[P][H3]Sources:[h3][H4]Page 30 - Stay on Target[h4]"
		},
		{
			"id": "Saboteur",
			"name": "Saboteur",
			"description": "[H4]Saboteur - Making Thing Stop[h4]\n    Please see page 86 of the Age of Rebellion Core Rulebook for details.[P][H3]Sources:[h3][H4]Page 86 - Age of Rebellion Core Rulebook[h4]"
		},
		{
			"id": "Sage",
			"name": "Sage",
			"description": "[H4]Sage[h4]\nPlease see page 71 of the Force and Destiny Core Rulebook for details.[P][H3]Sources:[h3][H4]Page 71 - Force and Destiny Core Rulebook[h4]"
		},
		{
			"id": "Sapper",
			"name": "Sapper",
			"description": "[H4]Sapper[h4]\nSee page 26 of the Fully Operational Sourcebook for details.[P][H3]Sources:[h3][H4]Page 26 - Fully Operational[h4]"
		},
		{
			"id": "Scavenger",
			"name": "Scavenger",
			"description": "[H4]Scavenger[h4]\nPlease see page 35 of the Rise of the Separatists Sourcebook for details.[P][H3]Sources:[h3][H4]Page 35 - Rise of the Separatists[h4]"
		},
		{
			"id": "Scholar",
			"name": "Scholar",
			"description": "[H4]Scholar — The Gift of Knowledge[h4]\n    Please see page 67 of the Edge of the Empire Core Rulebook for details.[P][H3]Sources:[h3][H4]Page 67 - Edge of the Empire Core Rulebook[h4]"
		},
		{
			"id": "Scientist",
			"name": "Scientist",
			"description": "[H4]Scientist - Making New Things[h4]\n    Please see page 87 of the Age of Rebellion Core Rulebook for details.[P][H3]Sources:[h3][H4]Page 87 - Age of Rebellion Core Rulebook[h4]"
		},
		{
			"id": "Scoundrel",
			"name": "Scoundrel",
			"description": "[H4]Scoundrel — A Galaxy of Marks[h4]\n    Please see page 84 of the Edge of the Empire Core Rulebook for details.[P][H3]Sources:[h3][H4]Page 84 - Edge of the Empire Core Rulebook[h4]"
		},
		{
			"id": "Scout",
			"name": "Scout",
			"description": "[H4]Scout — Discovering New Planets[h4]\n    Please see page 72 of the Edge of the Empire Core Rulebook, or page 98 of the Age of Rebellion Core Rulebook, for details.[P][H3]Sources:[h3][H4]Page 72 - Edge of the Empire Core Rulebook[h4][H4]Page 98 - Age of Rebellion Core Rulebook[h4]"
		},
		{
			"id": "Seer",
			"name": "Seer",
			"description": "[H4]Seer[h4]\nPlease see page 83 of the Force and Destiny Core Rulebook for details.[P][H3]Sources:[h3][H4]Page 83 - Force and Destiny Core Rulebook[h4]"
		},
		{
			"id": "Sentry",
			"name": "Sentry",
			"description": "[H4]Sentry[h4]\nPlease see page 28 of the Endless Vigil Sourcebook for details.[P][H3]Sources:[h3][H4]Page 28 - Endless Vigil[h4]"
		},
		{
			"id": "Shadow",
			"name": "Shadow",
			"description": "[H4]Shadow[h4]\nPlease see page 94 of the Force and Destiny Core Rulebook for details.[P][H3]Sources:[h3][H4]Page 94 - Force and Destiny Core Rulebook[h4]"
		},
		{
			"id": "Sharpshooter",
			"name": "Sharpshooter",
			"description": "[H4]Sharpshooter - Take the Shot[h4]\n    Please see page 93 of the Age of Rebellion Core Rulebook for details.[P][H3]Sources:[h3][H4]Page 93 - Age of Rebellion Core Rulebook[h4]"
		},
		{
			"id": "Shien Expert",
			"name": "Shien Expert",
			"description": "[H4]Shien Expert[h4]\nPlease see page 95 of the Force and Destiny Core Rulebook for details.[P][H3]Sources:[h3][H4]Page 95 - Force and Destiny Core Rulebook[h4]"
		},
		{
			"id": "Shii-Cho Knight",
			"name": "Shii-Cho Knight",
			"description": "[H4]Shii-Cho Knight[h4]\nPlease see page 100 of the Force and Destiny Core Rulebook for details.[P][H3]Sources:[h3][H4]Page 100 - Force and Destiny Core Rulebook[h4]"
		},
		{
			"id": "Shipwright",
			"name": "Shipwright",
			"description": "[H4]Shipwright[h4]\nSee page 28 of the Fully Operational Sourcebook for details.[P][H3]Sources:[h3][H4]Page 28 - Fully Operational[h4]"
		},
		{
			"id": "Skip Tracer",
			"name": "Skip Tracer",
			"description": "[H4]Skip Tracer[h4]\nPlease see page 32 of the No Disintegrations Sourcebook for details.[P][H3]Sources:[h3][H4]Page 32 - No Disintegrations[h4]"
		},
		{
			"id": "Sleeper Agent",
			"name": "Sleeper Agent",
			"description": "[H4]Sleeper Agent[h4]\nPlease see page 28 of the Cyphers and Masks Sourcebook for details.[P][H3]Sources:[h3][H4]Page 28 - Cyphers and Masks[h4]"
		},
		{
			"id": "Slicer",
			"name": "Slicer",
			"description": "[H4]Slicer — Making the Data Flow[h4]\n    Please see page 91 of the Edge of the Empire Core Rulebook, or page 99 of the Age of Rebellion Core Rulebook, for details.[P][H3]Sources:[h3][H4]Page 91 - Edge of the Empire Core Rulebook[h4][H4]Page 99 - Age of Rebellion Core Rulebook[h4]"
		},
		{
			"id": "Soresu Defender",
			"name": "Soresu Defender",
			"description": "[H4]Soresu Defender[h4]\nPlease see page 77 of the Force and Destiny Core Rulebook for details.[P][H3]Sources:[h3][H4]Page 77 - Force and Destiny Core Rulebook[h4]"
		},
		{
			"id": "Squadron Leader",
			"name": "Squadron Leader",
			"description": "[H4]Squadron Leader - Ship-to-Ship[h4]\n    Please see page 74 of the Age of Rebellion Core Rulebook for details.[P][H3]Sources:[h3][H4]Page 74 - Age of Rebellion Core Rulebook[h4]"
		},
		{
			"id": "Starfighter Ace",
			"name": "Starfighter Ace",
			"description": "[H4]Starfighter Ace[h4]\nPlease see page 101 of the Force and Destiny Core Rulebook for details.[P][H3]Sources:[h3][H4]Page 101 - Force and Destiny Core Rulebook[h4]"
		},
		{
			"id": "Steel Hand Adept",
			"name": "Steel Hand Adept",
			"description": "[H4]Steel Hand Adept[h4]\nPlease see page 28 of the Knights of Fate Sourcebook for details.[P][H3]Sources:[h3][H4]Page 28 - Knights of Fate[h4]"
		},
		{
			"id": "Strategist",
			"name": "Strategist",
			"description": "[H4]Strategist[h4]\nPlease see page 32 of the Lead by Example Sourcebook for details.[P][H3]Sources:[h3][H4]Page 32 - Lead by Example[h4]"
		},
		{
			"id": "Survivalist",
			"name": "Survivalist",
			"description": "[H4]Survivalist — Master of the Wild[h4]\n    Please see page 61 of the Edge of the Empire Core Rulebook for details.[P][H3]Sources:[h3][H4]Page 61 - Edge of the Empire Core Rulebook[h4]"
		},
		{
			"id": "Tactician",
			"name": "Tactician",
			"description": "[H4]Tactician - On the Ground[h4]\n    Please see page 75 of the Age of Rebellion Core Rulebook for details.[P][H3]Sources:[h3][H4]Page 75 - Age of Rebellion Core Rulebook[h4]"
		},
		{
			"id": "Teacher",
			"name": "Teacher",
			"description": "[H4]Teacher[h4]\n\nPlease see page 26 of the Disciples of Harmony Sourcebook for details.[P][H3]Sources:[h3][H4]Page 25 - Disciples of Harmony[h4]"
		},
		{
			"id": "Thief",
			"name": "Thief",
			"description": "[H4]Thief — A Galaxy of Treasures[h4]\n    Please see page 85 of the Edge of the Empire Core Rulebook for details.[P][H3]Sources:[h3][H4]Page 85 - Edge of the Empire Core Rulebook[h4]"
		},
		{
			"id": "Trader",
			"name": "Trader",
			"description": "[H4]Trader — Discovering New Markets[h4]\n    Please see page 73 of the Edge of the Empire Core Rulebook for details.[P][H3]Sources:[h3][H4]Page 73 - Edge of the Empire Core Rulebook[h4]"
		},
		{
			"id": "Trailblazer",
			"name": "Trailblazer",
			"description": "[H4]Trailblazer[h4]\nPlease see page 30 of the Forged in Battle Sourcebook for details.[P][H3]Sources:[h3][H4]Page 30 - Forged in Battle[h4]"
		},
		{
			"id": "Vanguard",
			"name": "Vanguard",
			"description": "[H4]Vanguard[h4]\nPlease see page 32 of the Forged in Battle Sourcebook for details.[P][H3]Sources:[h3][H4]Page 32 - Forged in Battle[h4]"
		},
		{
			"id": "Warden",
			"name": "Warden",
			"description": "[H4]Warden[h4]\n  Please see page 26 of the Keeping the Peace sourcebook for details.[P][H3]Sources:[h3][H4]Page 26 - Keeping the Peace[h4]"
		},
		{
			"id": "Warleader",
			"name": "Warleader",
			"description": "[H4]Warleader[h4]\n  Please see page 28 of the Keeping the Peace sourcebook for details.[P][H3]Sources:[h3][H4]Page 28 - Keeping the Peace[h4]"
		}
	]
}