{
	"label": "oggdude.VehicleWeapons-fr",
	"mapping": {
		"description": "data.description"
	},
	"entries": [
		{
			"id": "Alternating-Fire Concussion Missile Launcher",
			"name": "Alternating-Fire Concussion Missile Launcher to translate",
			"description": "[H3]Alternating-Fire Concussion Missile Launcher[h3]\n      Please see page 56 of the Stay on Target Sourcebook for details.[P][H3]Sources:[h3][H4]Page 56 - Stay on Target[h4]"
		},
		{
			"id": "Anti-Air Rockets",
			"name": "Anti-Air Rockets",
			"description": "[H3]Anti-Air Rockets[h3]\n      Please see page 62 of the Forged in Battle Sourcebook for details.[P][H3]Sources:[h3][H4]Page 62 - Forged in Battle[h4]"
		},
		{
			"id": "Anti-Personnel Laser",
			"name": "Anti-Personnel Laser",
			"description": "[H3]Anti-Personnel Laser[h3]\n      Please see page 62 of the Forged in Battle Sourcebook for details.[P][H3]Sources:[h3][H4]Page 62 - Forged in Battle[h4]"
		},
		{
			"id": "Assault Concussion Missile Launcher",
			"name": "Assault Concussion Missile Launcher",
			"description": "[H3]Assault Concussion Missile Launcher[h3]\n      Please see page 188 of the Age of Rebellion Beta Rulebook for details.[P][H3]Sources:[h3][H4]Page 188 - Age of Rebellion Beta Rulebook[h4]"
		},
		{
			"id": "Auto-Blaster",
			"name": "Auto-Blaster",
			"description": "[H3]Auto-Blaster[h3]\n      Please see page 230 of the Edge of the Empire Core Rulebook, or page 240 of the Age of Rebellion Core Rulebook, for details.[P][H3]Sources:[h3][H4]Page 230 - Edge of the Empire Core Rulebook[h4][H4]Page 240 - Age of Rebellion Core Rulebook[h4]"
		},
		{
			"id": "Battleship Ion Cannon",
			"name": "Battleship Ion Cannon",
			"description": "[H3]Battleship Ion Cannon[h3]\n      Please see page 240 of the Age of Rebellion Core Rulebook for details.[P][H3]Sources:[h3][H4]Page 240 - Age of Rebellion Core Rulebook[h4]"
		},
		{
			"id": "Beamdrill",
			"name": "Beamdrill",
			"description": "[H3]Beamdrill[h3]\n      Please see page 107 of the Suns of Fortune Sourcebook for details.[P][H3]Sources:[h3][H4]Page 107 - Suns of Fortune[h4]"
		},
		{
			"id": "Cluster Bomb Launcher",
			"name": "Cluster Bomb Launcher",
			"description": "[H3]Cluster Bomb Launcher[h3]\nPlease see page 119 of the Strongholds of Resistance Sourcebook for details.[P][H3]Sources:[h3][H4]Page 119 - Strongholds of Resistance[h4]"
		},
		{
			"id": "Concussion Grenade Launcher",
			"name": "Concussion Grenade Launcher",
			"description": "[H3]Concussion Grenade Launcher[h3]\n      Please see page 253 of the Edge of the Empire Core Rulebook, or page 265 of the Age of Rebellion Core Rulebook, for details.[P][H3]Sources:[h3][H4]Page 253 - Edge of the Empire Core Rulebook[h4][H4]Page 265 - Age of Rebellion Core Rulebook[h4]"
		},
		{
			"id": "Concussion Mine",
			"name": "Concussion Mine",
			"description": "[H3]Concussion Mine[h3]\n      Please see page 64 of the No Disintegrations Sourcebook for details.[P][H3]Sources:[h3][H4]Page 64 - No Disintegrations[h4]"
		},
		{
			"id": "Concussion Missile",
			"name": "Concussion Missile",
			"description": "[H3]Concussion Missile[h3]\n      Please see page 229 of the Edge of the Empire Core Rulebook, or page 242 of the Age of Rebellion Core Rulebook, for details.[P][H3]Sources:[h3][H4]Page 229 - Edge of the Empire Core Rulebook[h4][H4]Page 242 - Age of Rebellion Core Rulebook[h4]"
		},
		{
			"id": "Concussion Missile (Mini)",
			"name": "Concussion Missile (Mini)",
			"description": "[H3]Concussion Missile (Mini)[h3]\n      Please see page 60 of the Dangerous Covenants Sourcebook for details.[P][H3]Sources:[h3][H4]Page 60 - Dangerous Covenants[h4]"
		},
		{
			"id": "Concussion Missile Launcher",
			"name": "Concussion Missile Launcher",
			"description": "[H3]Concussion Missile Launcher[h3]\n      Please see page 230 of the Edge of the Empire Core Rulebook, or page 240 of the Age of Rebellion Core Rulebook, for details.[P][H3]Sources:[h3][H4]Page 230 - Edge of the Empire Core Rulebook[h4][H4]Page 240 - Age of Rebellion Core Rulebook[h4]"
		},
		{
			"id": "Connor Net Mine",
			"name": "Connor Net Mine",
			"description": "[H3]Connor Net Mine[h3]\n      Please see page 64 of the No Disintegrations Sourcebook for details.[P][H3]Sources:[h3][H4]Page 64 - No Disintegrations[h4]"
		},
		{
			"id": "Decoy Missile",
			"name": "Decoy Missile",
			"description": "[H3]Decoy Missile[h3]\n      Please see page 60 of the Dangerous Covenants Sourcebook for details.[P][H3]Sources:[h3][H4]Page 60 - Dangerous Covenants[h4]"
		},
		{
			"id": "Electromagnetic Harpoon",
			"name": "Electromagnetic Harpoon",
			"description": "[H3]Electromagnetic Harpoon[h3]\n      Please see page 249 of the Edge of the Empire Core Rulebook, or page 263 of the Age of Rebellion Core Rulebook, for details.[P][H3]Sources:[h3][H4]Page 249 - Edge of the Empire Core Rulebook[h4][H4]Page 263 - Age of Rebellion Core Rulebook[h4]"
		},
		{
			"id": "Electromagnetic Tow Cable Launcher",
			"name": "Electromagnetic Tow Cable Launcher",
			"description": "[H3]Electromagnetic Tow Cable Launcher[h3]\n      Please see page 62 of the Fully Operational Sourcebook for details.[P][H3]Sources:[h3][H4]Page 62 - Fully Operational[h4]<div>When Ensare quantity is activated, target vehicle's pilot must make an [B]Average ([DI][DI]) Piloting check[b] to free vehicle.  If target is at least 1 silhouette lower than attacker, [TH][TH] on failed check will draw target 1 range band closer to attacker. </div>"
		},
		{
			"id": "Firecracker Mine",
			"name": "Firecracker Mine",
			"description": "[H3]Firecracker Mine[h3]\n      Please see page 64 of the No Disintegrations Sourcebook for details.[P][H3]Sources:[h3][H4]Page 64 - No Disintegrations[h4]<div>When a vessel is struck by a firecracker mine, each occupant is disoriented for three rounds. </div>"
		},
		{
			"id": "Grappler 213 Tactical Tractor Beam",
			"name": "Grappler 213 Tactical Tractor Beam",
			"description": "[H3]Grappler 213 Tactical Tractor Beam[h3]\n      Please see page 62 of the Dangerous Covenants Sourcebook for details.[P][H3]Sources:[h3][H4]Page 62 - Dangerous Covenants[h4]"
		},
		{
			"id": "Gravity Mine",
			"name": "Gravity Mine",
			"description": "[H3]Gravity Mine[h3]\n      Please see page 64 of the No Disintegrations Sourcebook for details.[P][H3]Sources:[h3][H4]Page 64 - No Disintegrations[h4]<div>Creates a gravitic bubble, preventing all ships within long range from entering hyperspace. </div>"
		},
		{
			"id": "Heavy Beamdrill",
			"name": "Heavy Beamdrill",
			"description": "[H3]Heavy Beamdrill[h3]\n      Please see page 106 of the Suns of Fortune Sourcebook for details.[P][H3]Sources:[h3][H4]Page 106 - Suns of Fortune[h4]"
		},
		{
			"id": "Heavy Blaster Cannon",
			"name": "Heavy Blaster Cannon",
			"description": "[H3]Heavy Blaster Cannon[h3]\n      Please see page 230 of the Edge of the Empire Core Rulebook, or page 240 of the Age of Rebellion Core Rulebook, for details.[P][H3]Sources:[h3][H4]Page 230 - Edge of the Empire Core Rulebook[h4][H4]Page 240 - Age of Rebellion Core Rulebook[h4]"
		},
		{
			"id": "Heavy Flak Cannon",
			"name": "Heavy Flak Cannon",
			"description": "[H3]Heavy Flak Cannon[h3]\n      Please see page 49 of the Stay on Target Sourcebook, page 53 of the Lead by Example Sourcebook, or page 78 of the Rise of the Separatists Sourcebook, for details.[P][H3]Sources:[h3][H4]Page 49 - Stay on Target[h4][H4]Page 53 - Lead by Example[h4][H4]Page 78 - Rise of the Separatists[h4]"
		},
		{
			"id": "Heavy Ion Cannon",
			"name": "Heavy Ion Cannon",
			"description": "[H3]Heavy Ion Cannon[h3]\n      Please see page 230 of the Edge of the Empire Core Rulebook, or page 240 of the Age of Rebellion Core Rulebook, for details.[P][H3]Sources:[h3][H4]Page 230 - Edge of the Empire Core Rulebook[h4][H4]Page 240 - Age of Rebellion Core Rulebook[h4]"
		},
		{
			"id": "Heavy Laser Cannon",
			"name": "Heavy Laser Cannon",
			"description": "[H3]Heavy Laser Cannon[h3]\n      Please see page 230 of the Edge of the Empire Core Rulebook, or page 240 of the Age of Rebellion Core Rulebook, for details.[P][H3]Sources:[h3][H4]Page 230 - Edge of the Empire Core Rulebook[h4][H4]Page 240 - Age of Rebellion Core Rulebook[h4]"
		},
		{
			"id": "Heavy Tractor Beam",
			"name": "Heavy Tractor Beam",
			"description": "[H3]Heavy Tractor Beam[h3]\n      Please see page 230 of the Edge of the Empire Core Rulebook, or page 240 of the Age of Rebellion Core Rulebook, for details.[P][H3]Sources:[h3][H4]Page 230 - Edge of the Empire Core Rulebook[h4][H4]Page 240 - Age of Rebellion Core Rulebook[h4]"
		},
		{
			"id": "Heavy Turbolaser",
			"name": "Heavy Turbolaser",
			"description": "[H3]Heavy Turbolaser[h3]\n      Please see page 230 of the Edge of the Empire Core Rulebook, or page 240 of the Age of Rebellion Core Rulebook, for details.[P][H3]Sources:[h3][H4]Page 230 - Edge of the Empire Core Rulebook[h4][H4]Page 240 - Age of Rebellion Core Rulebook[h4]"
		},
		{
			"id": "Hunter Killer Concussion Missile Launcher",
			"name": "Hunter Killer Concussion Missile Launcher",
			"description": "[H3]Hunter Killer Concussion Missile Launcher[h3]\n      Please see page 107 of the Suns of Fortune Sourcebook for details.[P][H3]Sources:[h3][H4]Page 107 - Suns of Fortune[h4]"
		},
		{
			"id": "Ion Mine",
			"name": "Ion Mine",
			"description": "[H3]Ion Mine[h3]\n      Please see page 64 of the No Disintegrations Sourcebook for details.[P][H3]Sources:[h3][H4]Page 64 - No Disintegrations[h4]"
		},
		{
			"id": "Ion Torpedo",
			"name": "Ion Torpedo",
			"description": "[H3]Ion Torpedo[h3]\n      Please see page 62 of the Fully Operational Sourcebook for details.\n      [P][I]For use with the Ion Torpedo Launcher[i][P][H3]Sources:[h3][H4]Page 62 - Fully Operational[h4]"
		},
		{
			"id": "Ion Torpedo Launcher",
			"name": "Ion Torpedo Launcher",
			"description": "[H3]Ion Torpedo Launcher[h3]\n      Please see page 62 of the Fully Operational Sourcebook for details.[P][H3]Sources:[h3][H4]Page 62 - Fully Operational[h4]"
		},
		{
			"id": "Jammer Missile",
			"name": "Jammer Missile",
			"description": "[H3]Jammer Missile[h3]\n      Please see page 60 of the Dangerous Covenants Sourcebook for details.[P][H3]Sources:[h3][H4]Page 60 - Dangerous Covenants[h4]"
		},
		{
			"id": "Jammer Missile (Mini)",
			"name": "Jammer Missile (Mini)",
			"description": "[H3]Jammer Missile (Mini)[h3]\n      Please see page 60 of the Dangerous Covenants Sourcebook for details.[P][H3]Sources:[h3][H4]Page 60 - Dangerous Covenants[h4]"
		},
		{
			"id": "Laser Cannon",
			"name": "Laser Cannon",
			"description": "[H3]Laser Cannon[h3]\n      Please see page 54 of the Onslaught at Arda I Adventure Module for details.[P][H3]Sources:[h3][H4]Page 54 - Onslaught at Arda I[h4]"
		},
		{
			"id": "Light Blaster Cannon",
			"name": "Light Blaster Cannon",
			"description": "[H3]Light Blaster Cannon[h3]\n      Please see page 230 of the Edge of the Empire Core Rulebook, or page 240 of the Age of Rebellion Core Rulebook, for details.[P][H3]Sources:[h3][H4]Page 230 - Edge of the Empire Core Rulebook[h4][H4]Page 240 - Age of Rebellion Core Rulebook[h4]"
		},
		{
			"id": "Light Flak Cannon",
			"name": "Light Flak Cannon",
			"description": "[H3]Light Flak Cannon[h3]\n      Please see page 49 of the Stay on Target Sourcebook, page 53 of the Lead by Example Sourcebook, or page 78 of the Rise of the Separatists Sourcebook, for details.[P][H3]Sources:[h3][H4]Page 49 - Stay on Target[h4][H4]Page 53 - Lead by Example[h4][H4]Page 78 - Rise of the Separatists[h4]"
		},
		{
			"id": "Light Ion Cannon",
			"name": "Light Ion Cannon",
			"description": "[H3]Light Ion Cannon[h3]\n      Please see page 230 of the Edge of the Empire Core Rulebook, or page 240 of the Age of Rebellion Core Rulebook, for details.[P][H3]Sources:[h3][H4]Page 230 - Edge of the Empire Core Rulebook[h4][H4]Page 240 - Age of Rebellion Core Rulebook[h4]"
		},
		{
			"id": "Light Laser Cannon",
			"name": "Light Laser Cannon",
			"description": "[H3]Light Laser Cannon[h3]\n      Please see page 230 of the Edge of the Empire Core Rulebook, or page 240 of the Age of Rebellion Core Rulebook, for details.[P][H3]Sources:[h3][H4]Page 230 - Edge of the Empire Core Rulebook[h4][H4]Page 240 - Age of Rebellion Core Rulebook[h4]"
		},
		{
			"id": "Light Suppression Cannon",
			"name": "Light Suppression Cannon",
			"description": "[H3]Light Suppression Cannon[h3]\n      Please see page 54 of the Far Horizons Sourcebook for details.[P][H3]Sources:[h3][H4]Page 54 - Far Horizons[h4]"
		},
		{
			"id": "Light Tractor Beam",
			"name": "Light Tractor Beam",
			"description": "[H3]Light Tractor Beam[h3]\n      Please see page 230 of the Edge of the Empire Core Rulebook, or page 240 of the Age of Rebellion Core Rulebook, for details.[P][H3]Sources:[h3][H4]Page 230 - Edge of the Empire Core Rulebook[h4][H4]Page 240 - Age of Rebellion Core Rulebook[h4]"
		},
		{
			"id": "Light Tractor Beam Coupler",
			"name": "Light Tractor Beam Coupler",
			"description": "[H3]Light Tractor Beam Coupler[h3][P][H3]Sources:[h3][H4]Fly Casual[h4]"
		},
		{
			"id": "Light Turbolaser",
			"name": "Light Turbolaser",
			"description": "[H3]Light Turbolaser[h3]\n      Please see page 230 of the Edge of the Empire Core Rulebook, or page 240 of the Age of Rebellion Core Rulebook, for details.[P][H3]Sources:[h3][H4]Page 230 - Edge of the Empire Core Rulebook[h4][H4]Page 240 - Age of Rebellion Core Rulebook[h4]"
		},
		{
			"id": "Long-Barrelled Ion Cannon",
			"name": "Long-Barrelled Ion Cannon",
			"description": "[H3]Long-Barrelled Ion Cannon[h3]\n      Please see page 53 of the Lead by Example Sourcebook for details.[P][H3]Sources:[h3][H4]Page 53 - Lead by Example[h4]"
		},
		{
			"id": "Long-Nosed Laser Cannon",
			"name": "Long-Nosed Laser Cannon",
			"description": "[H3]Long-Nosed Laser Cannon[h3]\n      Please see page 107 of the Suns of Fortune Sourcebook for details.[P][H3]Sources:[h3][H4]Page 107 - Suns of Fortune[h4]"
		},
		{
			"id": "MM-XT Mini-Missile Tube",
			"name": "MM-XT Mini-Missile Tube",
			"description": "[H3]MM-XT Mini-Missile Tube[h3]\n      Please see page 60 of the Dangerous Covenants Sourcebook for details.[P][H3]Sources:[h3][H4]Page 60 - Dangerous Covenants[h4]"
		},
		{
			"id": "Mass Driver Missile Launchers",
			"name": "Mass Driver Missile Launchers",
			"description": "[H3]Mass Driver Missile Launchers[h3]\n      Please see page 70 of the Dangerous Covenants Sourcebook for details.[P][H3]Sources:[h3][H4]Page 70 - Dangerous Covenants[h4]"
		},
		{
			"id": "Mass-Driver Cannon",
			"name": "Mass-Driver Cannon",
			"description": "[H3]Mass-Driver Cannon[h3]\n      Please see page 57 of the Forged in Battle Sourcebook for details.[P][H3]Sources:[h3][H4]Page 57 - Forged in Battle[h4]"
		},
		{
			"id": "Medium Flak Cannon",
			"name": "Medium Flak Cannon",
			"description": "[H3]Medium Flak Cannon[h3]\n      Please see page 49 of the Stay on Target Sourcebook, page 53 of the Lead by Example Sourcebook, or page 78 of the Rise of the Separatists Sourcebook, for details.[P][H3]Sources:[h3][H4]Page 49 - Stay on Target[h4][H4]Page 53 - Lead by Example[h4][H4]Page 78 - Rise of the Separatists[h4]"
		},
		{
			"id": "Medium Ion Cannon",
			"name": "Medium Ion Cannon",
			"description": "[H3]Medium Ion Cannon[h3]\n      Please see page 230 of the Edge of the Empire Core Rulebook, or page 240 of the Age of Rebellion Core Rulebook, for details.[P][H3]Sources:[h3][H4]Page 230 - Edge of the Empire Core Rulebook[h4][H4]Page 240 - Age of Rebellion Core Rulebook[h4]"
		},
		{
			"id": "Medium Laser Cannon",
			"name": "Medium Laser Cannon",
			"description": "[H3]Medium Laser Cannon[h3]\n      Please see page 230 of the Edge of the Empire Core Rulebook, or page 240 of the Age of Rebellion Core Rulebook, for details.[P][H3]Sources:[h3][H4]Page 230 - Edge of the Empire Core Rulebook[h4][H4]Page 240 - Age of Rebellion Core Rulebook[h4]"
		},
		{
			"id": "Medium Tractor Beam",
			"name": "Medium Tractor Beam",
			"description": "[H3]Medium Tractor Beam[h3]\n      Please see page 230 of the Edge of the Empire Core Rulebook, or page 240 of the Age of Rebellion Core Rulebook, for details.[P][H3]Sources:[h3][H4]Page 230 - Edge of the Empire Core Rulebook[h4][H4]Page 240 - Age of Rebellion Core Rulebook[h4]"
		},
		{
			"id": "Medium Turbolaser",
			"name": "Medium Turbolaser",
			"description": "[H3]Medium Turbolaser[h3]\n      Please see page 230 of the Edge of the Empire Core Rulebook, or page 240 of the Age of Rebellion Core Rulebook, for details.[P][H3]Sources:[h3][H4]Page 230 - Edge of the Empire Core Rulebook[h4][H4]Page 240 - Age of Rebellion Core Rulebook[h4]"
		},
		{
			"id": "Mini-Missile Pack",
			"name": "Mini-Missile Pack",
			"description": "[H3]Mini-Missile Pack[h3]\n      Please see page 60 of the Dangerous Covenants Sourcebook for details.[P][H3]Sources:[h3][H4]Page 60 - Dangerous Covenants[h4]<div>Add Boost Mod - Add [BOOST] to all attack checks when using this weapon Compte 2</div><div>Each [SUCCESS] on attack check adds 2 damage. </div>"
		},
		{
			"id": "Mini-Rocket Launcher",
			"name": "Mini-Rocket Launcher",
			"description": "[H3]Mini-Rocket Launcher[h3]\n      Please see page 63 of the Dangerous Covenants Sourcebook for details.[P][H3]Sources:[h3][H4]Page 63 - Dangerous Covenants[h4]<div>Add Setback Mod - Add [SETBACK] to all attack checks when using this weapon </div>"
		},
		{
			"id": "Missile Pack",
			"name": "Missile Pack",
			"description": "[H3]Missile Pack[h3]\n      Please see page 60 of the Dangerous Covenants Sourcebook for details.[P][H3]Sources:[h3][H4]Page 60 - Dangerous Covenants[h4]<div>Add Boost Mod - Add [BOOST] to all attack checks when using this weapon Compte 2</div><div>Each [SUCCESS] on attack check adds 2 damage. </div>"
		},
		{
			"id": "Point Defense Laser Cannon",
			"name": "Point Defense Laser Cannon",
			"description": "[H3]Point Defense Laser Cannon[h3]\n      Please see page 186 of the Age of Rebellion Beta Rulebook for details.[P][H3]Sources:[h3][H4]Page 186 - Age of Rebellion Beta Rulebook[h4]"
		},
		{
			"id": "Proton Bomb Bay",
			"name": "Proton Bomb Bay",
			"description": "[H3]Proton Bomb Bay[h3]\n      Please see page 52 of the Stay on Target Sourcebook for details[P][H3]Sources:[h3][H4]Page 52 - Stay on Target[h4]"
		},
		{
			"id": "Proton Bomb Release Chute",
			"name": "Proton Bomb Release Chute",
			"description": "[H3]Proton Bomb Release Chute[h3]\n      Please see page 272 of the Age of Rebellion Core rulebook for details[P][H3]Sources:[h3][H4]Page 272 - Age of Rebellion Core Rulebook[h4]"
		},
		{
			"id": "Proton Torpedo Launcher",
			"name": "Proton Torpedo Launcher",
			"description": "[H3]Proton Torpedo Launcher[h3]\n      Please see page 230 of the Edge of the Empire Core Rulebook, or page 240 of the Age of Rebellion Core Rulebook, for details.[P][H3]Sources:[h3][H4]Page 230 - Edge of the Empire Core Rulebook[h4][H4]Page 240 - Age of Rebellion Core Rulebook[h4]"
		},
		{
			"id": "Quad Laser Cannon",
			"name": "Quad Laser Cannon",
			"description": "[H3]Quad Laser Cannon[h3]\n      Please see page 230 of the Edge of the Empire Core Rulebook, or page 240 of the Age of Rebellion Core Rulebook, for details.[P][H3]Sources:[h3][H4]Page 230 - Edge of the Empire Core Rulebook[h4][H4]Page 240 - Age of Rebellion Core Rulebook[h4]"
		},
		{
			"id": "Repeating Ion Cannon",
			"name": "Repeating Ion Cannon",
			"description": "[H3]Repeating Ion Cannon[h3]\n      Please see page 63 of the Fully Operational Sourcebook for details.[P][H3]Sources:[h3][H4]Page 63 - Fully Operational[h4]"
		},
		{
			"id": "Rotary Repeating Blaster Cannon",
			"name": "Rotary Repeating Blaster Cannon",
			"description": "[H3]Rotary Repeating Blaster Cannon[h3]\n      Please see page 54 of the Onslaught at Arda I Adventure Module for details."
		},
		{
			"id": "Seeker Mine",
			"name": "Seeker Mine",
			"description": "[H3]Seeker Mine[h3]\n      Please see page 64 of the No Disintegrations Sourcebook for details.[P][H3]Sources:[h3][H4]Page 64 - No Disintegrations[h4]<div>Character who set mine can spend [TH][TH] from target pilot's [B]Piloting (Space) check[b] to force the pilot to repeat the check at one less difficulty. </div>"
		},
		{
			"id": "Termite Torpedo",
			"name": "Termite Torpedo",
			"description": "[H3]Termite Torpedo[h3]\n      Please see page 63 of the Fully Operational Sourcebook for details.\n      [P][I]For use with the Termite Torpedo Launcher[i][P][H3]Sources:[h3][H4]Page 63 - Fully Operational[h4]<div>After vehicle is hit by a termite torpedo, for remainder of encounter, whenever crew performs a check, attacker can spend [TH][TH] to have ship suffer 2 hull trauma or system strain, and can spend [DE] to inflict a Critical Hit.  As an action, crew aboard attacked ship may perform a [B]Daunting ([DI][DI][DI][DI]) Mechanics check[b] to repress effect for 1 round. </div>"
		},
		{
			"id": "Termite Torpedo Launcher",
			"name": "Termite Torpedo Launcher",
			"description": "[H3]Termite Torpedo Launcher[h3]\n      Please see page 63 of the Fully Operational Sourcebook for details.[P][H3]Sources:[h3][H4]Page 63 - Fully Operational[h4]<div>After vehicle is hit by a termite torpedo, for remainder of encounter, whenever crew performs a check, attacker can spend [TH][TH] to have ship suffer 2 hull trauma or system strain, and can spend [DE] to inflict a Critical Hit.  As an action, crew aboard attacked ship may perform a [B]Daunting ([DI][DI][DI][DI]) Mechanics check[b] to repress effect for 1 round. </div>"
		},
		{
			"id": "Torpedo Launcher",
			"name": "Torpedo Launcher",
			"description": "[H3]Torpedo Launcher[h3]\nPlease see page 117 of the Strongholds of Resistance Sourcebook for details.[P][H3]Sources:[h3][H4]Page 117 - Strongholds of Resistance[h4]"
		},
		{
			"id": "Unguided Rocket",
			"name": "Unguided Rocket",
			"description": "[H3]Unguided Rocket[h3]\n      Please see page 60 of the Dangerous Covenants Sourcebook for details.[P][H3]Sources:[h3][H4]Page 60 - Dangerous Covenants[h4]"
		},
		{
			"id": "Unguided Rocket (Mini)",
			"name": "Unguided Rocket (Mini)",
			"description": "[H3]Unguided Rocket (Mini)[h3]\n      Please see page 60 of the Dangerous Covenants Sourcebook for details.[P][H3]Sources:[h3][H4]Page 60 - Dangerous Covenants[h4]"
		},
		{
			"id": "VL-6 Warhead Launcher System",
			"name": "VL-6 Warhead Launcher System",
			"description": "[H3]VL-6 Warhead Launcher System[h3]\n      Please see page 61 of the Stay on Target Sourcebook for details.[P][H3]Sources:[h3][H4]Page 61 - Stay on Target[h4]"
		}
	]
}