{
	"label": "oggdude.ItemQualities-fr",
	"mapping": {
		"description": "data.description"
	},
	"entries": [
		{
			"id": "Accurate Quality",
			"name": "Accurate Quality to translate",
			"description": "Accurate {0}"
		},
		{
			"id": "Add 2 Hard Points to Vehicle Mod",
			"name": "Add 2 Hard Points to Vehicle Mod",
			"description": "Add 2 Hard Points to Vehicle"
		},
		{
			"id": "Add 20,000 Credits to Price Mod",
			"name": "Add 20,000 Credits to Price Mod",
			"description": "Add 20,000 Credits to Price"
		},
		{
			"id": "Add Additional Crystal with no HP Cost Mod",
			"name": "Add Additional Crystal with no HP Cost Mod",
			"description": "Add additional crystal with no HP cost"
		},
		{
			"id": "Add Advantage to Combat Check Mod",
			"name": "Add Advantage to Combat Check Mod",
			"description": "Add One [ADVANTAGE] to Combat Check"
		},
		{
			"id": "Add Advantage to Initiative Check Mod",
			"name": "Add Advantage to Initiative Check Mod",
			"description": "Add One [ADVANTAGE] to Initiative Check"
		},
		{
			"id": "Add Advantage to Successful Check Mod",
			"name": "Add Advantage to Successful Check Mod",
			"description": "Add One [ADVANTAGE] to Successful Check"
		},
		{
			"id": "Add Boost Mod",
			"name": "Add Boost Mod",
			"description": "Add [BOOST] to all attack checks when using this weapon"
		},
		{
			"id": "Add Class 14 Backup Hyperdrive Mod",
			"name": "Add Class 14 Backup Hyperdrive Mod",
			"description": "Add Class 14 Backup Hyperdrive"
		},
		{
			"id": "Add Class 4 Hyperdrive Mod",
			"name": "Add Class 4 Hyperdrive Mod",
			"description": "Add Class 4 Hyperdrive"
		},
		{
			"id": "Add Class 8 Hyperdrive Mod",
			"name": "Add Class 8 Hyperdrive Mod",
			"description": "Add Class 8 Hyperdrive"
		},
		{
			"id": "Add Dark Force Point to Force Power Check Mod",
			"name": "Add Dark Force Point to Force Power Check Mod",
			"description": "Add One [DA] to Force Power Check"
		},
		{
			"id": "Add Force Point to Force Power Check Mod",
			"name": "Add Force Point to Force Power Check Mod",
			"description": "Add One [FP] to Force Power Check"
		},
		{
			"id": "Add Force Rating Mod",
			"name": "Add Force Rating Mod",
			"description": "Add 1 to Force Rating"
		},
		{
			"id": "Add Hard Points Mod",
			"name": "Add Hard Points Mod",
			"description": "Add One Hard Point"
		},
		{
			"id": "Add Light Force Point to Force Power Check Mod",
			"name": "Add Light Force Point to Force Power Check Mod",
			"description": "Add One [LI] to Force Power Check"
		},
		{
			"id": "Add Setback Mod",
			"name": "Add Setback Mod",
			"description": "Add [SETBACK] to all attack checks when using this weapon"
		},
		{
			"id": "Add Success to Check Mod",
			"name": "Add Success to Check Mod",
			"description": "<p>Add One [SU] to Check</p>"
		},
		{
			"id": "Add Threat to Check Mod",
			"name": "Add Threat to Check Mod",
			"description": "Add One [THREAT] to Check"
		},
		{
			"id": "Add to Cybernetics Cap Mod",
			"name": "Add to Cybernetics Cap Mod",
			"description": "Add 1 to Cybernetics Cap"
		},
		{
			"id": "Add to Massive Mod",
			"name": "Add to Massive Mod",
			"description": "Add to Massive Setting"
		},
		{
			"id": "Additional Comms Range Mod",
			"name": "Additional Comms Range Mod",
			"description": "Increase vehicle's communications range by one Range Band"
		},
		{
			"id": "Additional Damage Mod",
			"name": "Additional Damage Mod",
			"description": "Damage +1"
		},
		{
			"id": "Additional Damage for Crystal Mod",
			"name": "Additional Damage for Crystal Mod",
			"description": "Damage for Crystal +1"
		},
		{
			"id": "Additional Range Mod",
			"name": "Additional Range Mod",
			"description": "Increases weapon's range by one Range Band"
		},
		{
			"id": "Additional Sensor Range Mod",
			"name": "Additional Sensor Range Mod",
			"description": "Increase vehicle's sensor range by one Range Band"
		},
		{
			"id": "Additional Strain Mod",
			"name": "Additional Strain Mod",
			"description": "Increases user's strain by one"
		},
		{
			"id": "Auto-Fire Quality",
			"name": "Auto-Fire Quality",
			"description": "Auto Fire"
		},
		{
			"id": "Autofire Takes One Less Advantage to Activate Mod",
			"name": "Autofire Takes One Less Advantage to Activate Mod",
			"description": "Autofire Takes One Less [AD] to Activate"
		},
		{
			"id": "Base Critical Rating Mod",
			"name": "Base Critical Rating Mod",
			"description": "Changes Critical Rating"
		},
		{
			"id": "Base Damage Mod",
			"name": "Base Damage Mod",
			"description": "Changes Base Damage"
		},
		{
			"id": "Blast Quality",
			"name": "Blast Quality",
			"description": "Blast {0}"
		},
		{
			"id": "Blast Takes One Less Advantage to Activate Mod",
			"name": "Blast Takes One Less Advantage to Activate Mod",
			"description": "Blast Takes One Less [AD] to Activate"
		},
		{
			"id": "Breach Quality",
			"name": "Breach Quality",
			"description": "Breach {0}"
		},
		{
			"id": "Burn Quality",
			"name": "Burn Quality",
			"description": "Burn {0}"
		},
		{
			"id": "Burn Takes One Less Advantage to Activate Mod",
			"name": "Burn Takes One Less Advantage to Activate Mod",
			"description": "Burn Takes One Less [AD] to Activate"
		},
		{
			"id": "Cancel Threat from Check Mod",
			"name": "Cancel Threat from Check Mod",
			"description": "Cancel One [THREAT] from Check"
		},
		{
			"id": "Cannot deal strain damage",
			"name": "Cannot deal strain damage",
			"description": "Cannot deal strain damage"
		},
		{
			"id": "Carry Items of Encumbrance 0 Mod",
			"name": "Carry Items of Encumbrance 0 Mod",
			"description": "Carry Items of Encumbrance 0"
		},
		{
			"id": "Carry Items up to Encumbrance 1 Mod",
			"name": "Carry Items up to Encumbrance 1 Mod",
			"description": "Carry Items up to Encumbrance 1"
		},
		{
			"id": "Change Massive Mod",
			"name": "Change Massive Mod",
			"description": "Changes Massive Setting"
		},
		{
			"id": "Concussive Quality",
			"name": "Concussive Quality",
			"description": "Concussive {0}"
		},
		{
			"id": "Concussive Takes One Less Advantage to Activate Mod",
			"name": "Concussive Takes One Less Advantage to Activate Mod",
			"description": "Concussive Takes One Less [AD] to Activate"
		},
		{
			"id": "Convert 25 encumbrance capacity to smuggling compartment Mod",
			"name": "Convert 25 encumbrance capacity to smuggling compartment Mod",
			"description": "Convert 25 encumbrance capacity to smuggling compartment"
		},
		{
			"id": "Cortosis Quality",
			"name": "Cortosis Quality",
			"description": "Cortosis"
		},
		{
			"id": "Cumbersome Quality",
			"name": "Cumbersome Quality",
			"description": "Cumbersome {0}"
		},
		{
			"id": "Decrease Critical Mod",
			"name": "Decrease Critical Mod",
			"description": "Decreases the weapon's Crit Rating by 1 to a minimum of 1"
		},
		{
			"id": "Decrease Hull Trauma Mod",
			"name": "Decrease Hull Trauma Mod",
			"description": "Decreases Hull Trauma by 1"
		},
		{
			"id": "Decrease Long Range Difficulty Mod",
			"name": "Decrease Long Range Difficulty Mod",
			"description": "Decrease the difficulty of combat checks at long range by."
		},
		{
			"id": "Decrease Long and Extreme Range Difficulty Mod",
			"name": "Decrease Long and Extreme Range Difficulty Mod",
			"description": "Decrease the difficulty of combat checks at long and extreme range."
		},
		{
			"id": "Decrease Passenger Capacity Mod",
			"name": "Decrease Passenger Capacity Mod",
			"description": "Decrease Passenger Capacity by 1"
		},
		{
			"id": "Decrease Speed Mod",
			"name": "Decrease Speed Mod",
			"description": "Decreases Speed by 1"
		},
		{
			"id": "Decrease time to cut through hull by 1 round Mod",
			"name": "Decrease time to cut through hull by 1 round Mod",
			"description": "Decrease time to cut through hull by 1 round"
		},
		{
			"id": "Decreases Backup Hyperdrive Class by 1, to a minimum of .5 Mod",
			"name": "Decreases Backup Hyperdrive Class by 1, to a minimum of .5 Mod",
			"description": "Decreases Backup Hyperdrive Class by 1"
		},
		{
			"id": "Decreases Backup Hyperdrive Class by 1, to a minimum of 1 Mod",
			"name": "Decreases Backup Hyperdrive Class by 1, to a minimum of 1 Mod",
			"description": "Decreases Backup Hyperdrive Class by 1"
		},
		{
			"id": "Decreases Encumbrance Capacity Mod",
			"name": "Decreases Encumbrance Capacity Mod",
			"description": "Decrease Encumbrance Capacity by 1"
		},
		{
			"id": "Decreases Encumbrance Mod",
			"name": "Decreases Encumbrance Mod",
			"description": "Decrease Encumbrance by 1"
		},
		{
			"id": "Decreases Encumbrance Threshold Mod",
			"name": "Decreases Encumbrance Threshold Mod",
			"description": "Decrease Encumbrance Threshold by 1"
		},
		{
			"id": "Decreases Encumbrance by 2 Mod",
			"name": "Decreases Encumbrance by 2 Mod",
			"description": "Decrease Encumbrance by 2"
		},
		{
			"id": "Decreases Handling Mod",
			"name": "Decreases Handling Mod",
			"description": "Decreases Handling by 1"
		},
		{
			"id": "Decreases Hyperdrive Class by 1, to a minimum of .5 Mod",
			"name": "Decreases Hyperdrive Class by 1, to a minimum of .5 Mod",
			"description": "Decreases Hyperdrive Class by 1"
		},
		{
			"id": "Decreases Hyperdrive Class by 1, to a minimum of 1 Mod",
			"name": "Decreases Hyperdrive Class by 1, to a minimum of 1 Mod",
			"description": "Decreases Hyperdrive Class by 1"
		},
		{
			"id": "Decreases System Strain Mod",
			"name": "Decreases System Strain Mod",
			"description": "Decreases System Strain by 1"
		},
		{
			"id": "Decreases System Strain by 2 Mod",
			"name": "Decreases System Strain by 2 Mod",
			"description": "Decreases System Strain by 2"
		},
		{
			"id": "Decreases Total Encumbrance Mod",
			"name": "Decreases Total Encumbrance Mod",
			"description": "Decrease Total Encumbrance by 1"
		},
		{
			"id": "Defensive Quality",
			"name": "Defensive Quality",
			"description": "Defensive {0}"
		},
		{
			"id": "Deflection Quality",
			"name": "Deflection Quality",
			"description": "Deflection {0}"
		},
		{
			"id": "Demon Mask",
			"name": "Demon Mask",
			"description": "Increase wound threshold by 2 if dark side Force user"
		},
		{
			"id": "Disorient Quality",
			"name": "Disorient Quality",
			"description": "Disorient {0}"
		},
		{
			"id": "Disorient Takes One Less Advantage to Activate Mod",
			"name": "Disorient Takes One Less Advantage to Activate Mod",
			"description": "Disorient Takes One Less [AD] to Activate"
		},
		{
			"id": "Does not count toward Cybernetics Cap Mod",
			"name": "Does not count toward Cybernetics Cap Mod",
			"description": "Does not count toward Cybernetics Cap"
		},
		{
			"id": "Ensnare Quality",
			"name": "Ensnare Quality",
			"description": "Ensnare {0}"
		},
		{
			"id": "Ensnare Takes One Less Advantage to Activate Mod",
			"name": "Ensnare Takes One Less Advantage to Activate Mod",
			"description": "Ensnare Takes One Less [AD] to Activate"
		},
		{
			"id": "Guided Quality",
			"name": "Guided Quality",
			"description": "Guided {0}"
		},
		{
			"id": "Guided Takes One Less Advantage to Activate Mod",
			"name": "Guided Takes One Less Advantage to Activate Mod",
			"description": "Guided Takes One Less [AD] to Activate"
		},
		{
			"id": "Hoster Weapon up to Encumbrance 3 Mod",
			"name": "Hoster Weapon up to Encumbrance 3 Mod",
			"description": "Holster Weapon up to Encumbrance 3"
		},
		{
			"id": "Inaccurate Quality",
			"name": "Inaccurate Quality",
			"description": "Inaccurate {0}"
		},
		{
			"id": "Increase Aft Defense Mod",
			"name": "Increase Aft Defense Mod",
			"description": "Increase Aft Defense by 1"
		},
		{
			"id": "Increase Allowable Mounted Weapon Encumbrance by 1 Mod",
			"name": "Increase Allowable Mounted Weapon Encumbrance by 1 Mod",
			"description": "Increase Allowable Weapon Encumbrance by 1"
		},
		{
			"id": "Increase Altitude by 50 Mod",
			"name": "Increase Altitude by 50 Mod",
			"description": "Increases Altitude by 50"
		},
		{
			"id": "Increase Armor Mod",
			"name": "Increase Armor Mod",
			"description": "Increases Armor value by 1"
		},
		{
			"id": "Increase Defense Mod",
			"name": "Increase Defense Mod",
			"description": "Increases Defense value by 1"
		},
		{
			"id": "Increase Defense Zone Mod",
			"name": "Increase Defense Zone Mod",
			"description": "Increases Defense Zone by 1"
		},
		{
			"id": "Increase Defense when Force User Mod",
			"name": "Increase Defense when Force User Mod",
			"description": "Increases Defense value by 1 when Force User"
		},
		{
			"id": "Increase Forward Defense Mod",
			"name": "Increase Forward Defense Mod",
			"description": "Increase Forward Defense by 1"
		},
		{
			"id": "Increase Hull Trauma Mod",
			"name": "Increase Hull Trauma Mod",
			"description": "Increases Hull Trauma by 1"
		},
		{
			"id": "Increase Hull Trauma by 3 Mod",
			"name": "Increase Hull Trauma by 3 Mod",
			"description": "Increase Hull Trauma by 3"
		},
		{
			"id": "Increase Hull Trauma by Silhouette Mod",
			"name": "Increase Hull Trauma by Silhouette Mod",
			"description": "Increase Hull Trauma by Silhouette"
		},
		{
			"id": "Increase Melee Defense Mod",
			"name": "Increase Melee Defense Mod",
			"description": "Increases Melee Defense value by 1"
		},
		{
			"id": "Increase Passenger Capacity Mod",
			"name": "Increase Passenger Capacity Mod",
			"description": "Increase Passenger Capacity by 1"
		},
		{
			"id": "Increase Passenger Capacity When Crafting Mod",
			"name": "Increase Passenger Capacity When Crafting Mod",
			"description": "Increase Passenger Capacity When Crafting by 1"
		},
		{
			"id": "Increase Passenger Capacity by 10 Mod",
			"name": "Increase Passenger Capacity by 10 Mod",
			"description": "Increase Passenger Capacity by 10"
		},
		{
			"id": "Increase Passenger Capacity by 2 Mod",
			"name": "Increase Passenger Capacity by 2 Mod",
			"description": "Increase Passenger Capacity by 2"
		},
		{
			"id": "Increase Passenger Capacity by Silhouette Mod",
			"name": "Increase Passenger Capacity by Silhouette Mod",
			"description": "Increase Passenger Capacity by Silhouette"
		},
		{
			"id": "Increase Port Defense Mod",
			"name": "Increase Port Defense Mod",
			"description": "Increase Port Defense by 1"
		},
		{
			"id": "Increase Ranged Defense Mod",
			"name": "Increase Ranged Defense Mod",
			"description": "Increases Ranged Defense value by 1"
		},
		{
			"id": "Increase Silhouette Capacity of Hangar Bay by 1 Mod",
			"name": "Increase Silhouette Capacity of Hangar Bay by 1 Mod",
			"description": "Increase Silhouette Capacity of Hangar Bay by 1"
		},
		{
			"id": "Increase Silhouette Mod",
			"name": "Increase Silhouette Mod",
			"description": "Increases Silhouette value by 1"
		},
		{
			"id": "Increase Soak Mod",
			"name": "Increase Soak Mod",
			"description": "Increases Soak value by 1"
		},
		{
			"id": "Increase Speed Mod",
			"name": "Increase Speed Mod",
			"description": "Increase Speed by 1"
		},
		{
			"id": "Increase Starboard Defense Mod",
			"name": "Increase Starboard Defense Mod",
			"description": "Increase Starboard Defense by 1"
		},
		{
			"id": "Increase damage of weapon system by one Mod",
			"name": "Increase damage of weapon system by one Mod",
			"description": "Increase damage of weapon system by one"
		},
		{
			"id": "Increase doses by 1 Mod",
			"name": "Increase doses by 1 Mod",
			"description": "Increase doses by 1"
		},
		{
			"id": "Increases Brawn for Determining Encumbrance Threshold Mod",
			"name": "Increases Brawn for Determining Encumbrance Threshold Mod",
			"description": "Increase Brawn for Determining Encumbrance Threshold by 1"
		},
		{
			"id": "Increases Encumbrance Capacity Mod",
			"name": "Increases Encumbrance Capacity Mod",
			"description": "Increase Encumbrance Capacity by 1"
		},
		{
			"id": "Increases Encumbrance Capacity When Crafting Mod",
			"name": "Increases Encumbrance Capacity When Crafting Mod",
			"description": "Increase Encumbrance Capacity When Crafting by 1"
		},
		{
			"id": "Increases Encumbrance Capacity by 100 Mod",
			"name": "Increases Encumbrance Capacity by 100 Mod",
			"description": "Increase Encumbrance Capacity by 100"
		},
		{
			"id": "Increases Encumbrance Capacity by Silhouette Mod",
			"name": "Increases Encumbrance Capacity by Silhouette Mod",
			"description": "Increase Encumbrance Capacity by Silhouette"
		},
		{
			"id": "Increases Encumbrance Mod",
			"name": "Increases Encumbrance Mod",
			"description": "Increase Encumbrance by 1"
		},
		{
			"id": "Increases Encumbrance Threshold Mod",
			"name": "Increases Encumbrance Threshold Mod",
			"description": "Increase Encumbrance Threshold by 1"
		},
		{
			"id": "Increases Encumbrance Threshold by 3 Mod",
			"name": "Increases Encumbrance Threshold by 3 Mod",
			"description": "Increase Encumbrance Threshold by 3"
		},
		{
			"id": "Increases Handling Mod",
			"name": "Increases Handling Mod",
			"description": "Increases Handling by 1"
		},
		{
			"id": "Increases Speed by 2 Mod",
			"name": "Increases Speed by 2 Mod",
			"description": "Increases Speed by 2"
		},
		{
			"id": "Increases System Strain Mod",
			"name": "Increases System Strain Mod",
			"description": "Increases System Strain by 1"
		},
		{
			"id": "Increases System Strain by Silhouette Mod",
			"name": "Increases System Strain by Silhouette Mod",
			"description": "Increases System Strain by Silhouette"
		},
		{
			"id": "Inferior Quality",
			"name": "Inferior Quality",
			"description": "Inferior"
		},
		{
			"id": "Ion Quality",
			"name": "Ion Quality",
			"description": "Ion"
		},
		{
			"id": "Iron Fists",
			"name": "Iron Fists",
			"description": "Armor and Brawl attacks gain Cortosis quality.  Brawl attacks gain Pierce ranks equal to Force rating"
		},
		{
			"id": "Item is Half Price Mod",
			"name": "Item is Half Price Mod",
			"description": "Item costs half its asking price"
		},
		{
			"id": "Knockdown Quality",
			"name": "Knockdown Quality",
			"description": "Knockdown"
		},
		{
			"id": "Knockdown Takes One Less Advantage to Activate Mod",
			"name": "Knockdown Takes One Less Advantage to Activate Mod",
			"description": "Knockdown Takes One Less [AD] to Activate"
		},
		{
			"id": "Limited Ammo Quality",
			"name": "Limited Ammo Quality",
			"description": "Limited Ammo {0}"
		},
		{
			"id": "Linked Quality",
			"name": "Linked Quality",
			"description": "Linked {0}"
		},
		{
			"id": "Linked Takes One Less Advantage to Activate Mod",
			"name": "Linked Takes One Less Advantage to Activate Mod",
			"description": "Linked Takes One Less [AD] to Activate"
		},
		{
			"id": "May Select Additional Jury Rigged Option Mod",
			"name": "May Select Additional Jury Rigged Option Mod",
			"description": "May select 1 additional Jury Rigged option"
		},
		{
			"id": "Meditation Focus",
			"name": "Meditation Focus",
			"description": "Increase strain threshold by 2 if light side paragon"
		},
		{
			"id": "Mount Ranged Weapon up to Encumbrance 4 Mod",
			"name": "Mount Ranged Weapon up to Encumbrance 4 Mod",
			"description": "Mount Ranged Weapon up to Encumbrance 4"
		},
		{
			"id": "Mount Weapon up to Encumbrance 3 Mod",
			"name": "Mount Weapon up to Encumbrance 3 Mod",
			"description": "Mount Weapon up to Encumbrance 3"
		},
		{
			"id": "Pierce Quality",
			"name": "Pierce Quality",
			"description": "Pierce {0}"
		},
		{
			"id": "Prepare Quality",
			"name": "Prepare Quality",
			"description": "Prepare {0}"
		},
		{
			"id": "Quality Takes One Less Advantage to Activate Mod",
			"name": "Quality Takes One Less Advantage to Activate Mod",
			"description": "Quality Takes One Less [AD] to Activate"
		},
		{
			"id": "Reduce Range to Medium Mod",
			"name": "Reduce Range to Medium Mod",
			"description": "Reduces weapon's range to Medium, if longer"
		},
		{
			"id": "Reduced Comms Range Mod",
			"name": "Reduced Comms Range Mod",
			"description": "Decrease vehicle's communications range by one Range Band"
		},
		{
			"id": "Reduced Damage Mod",
			"name": "Reduced Damage Mod",
			"description": "Damage -1"
		},
		{
			"id": "Reduced Damage for Crystal Mod",
			"name": "Reduced Damage for Crystal Mod",
			"description": "Damage for Crystal -1"
		},
		{
			"id": "Reduced Range Mod",
			"name": "Reduced Range Mod",
			"description": "Decreases weapon's range by one Range Band"
		},
		{
			"id": "Reduced Sensor Range Mod",
			"name": "Reduced Sensor Range Mod",
			"description": "Decrease vehicle's sensor range by one Range Band"
		},
		{
			"id": "Remove Hard Points from Item Mod",
			"name": "Remove Hard Points from Item Mod",
			"description": "Remove One Hard Point from Item"
		},
		{
			"id": "Remove Setback Mod",
			"name": "Remove Setback Mod",
			"description": "Remove [SETBACK] from all attack checks when using this weapon"
		},
		{
			"id": "Replace Light Blaster Cannons with Light Laser Cannons Mod",
			"name": "Replace Light Blaster Cannons with Light Laser Cannons Mod",
			"description": "Replace Light Blaster Cannons with Light Laser Cannons"
		},
		{
			"id": "Retractable Weapon System",
			"name": "Retractable Weapon System",
			"description": "Retractable Weapon System"
		},
		{
			"id": "Retrofits Hangar Bay Mod",
			"name": "Retrofits Hangar Bay Mod",
			"description": "Retrofits Hangar Bay"
		},
		{
			"id": "Sealable Mod",
			"name": "Sealable Mod",
			"description": "Armor is Sealable"
		},
		{
			"id": "Sealed Mod",
			"name": "Sealed Mod",
			"description": "Armor is Sealed"
		},
		{
			"id": "Set Defense Mod",
			"name": "Set Defense Mod",
			"description": "Set Defense value"
		},
		{
			"id": "Set Soak Mod",
			"name": "Set Soak Mod",
			"description": "Set Soak value"
		},
		{
			"id": "Sets Aft Defense Mod",
			"name": "Sets Aft Defense Mod",
			"description": "Sets Aft Defense"
		},
		{
			"id": "Sets Aft Defense When Crafting Mod",
			"name": "Sets Aft Defense When Crafting Mod",
			"description": "Sets Aft Defense When Crafting"
		},
		{
			"id": "Sets Armor Mod",
			"name": "Sets Armor Mod",
			"description": "Sets Armor value"
		},
		{
			"id": "Sets Armor Value When Crafting Mod",
			"name": "Sets Armor Value When Crafting Mod",
			"description": "Sets Armor Value"
		},
		{
			"id": "Sets Forward Defense Mod",
			"name": "Sets Forward Defense Mod",
			"description": "Sets Forward Defense"
		},
		{
			"id": "Sets Forward Defense When Crafting Mod",
			"name": "Sets Forward Defense When Crafting Mod",
			"description": "Sets Forward Defense When Crafting"
		},
		{
			"id": "Sets Handling Mod",
			"name": "Sets Handling Mod",
			"description": "Sets Handling"
		},
		{
			"id": "Sets Handling When Crafting Mod",
			"name": "Sets Handling When Crafting Mod",
			"description": "Sets Handling When Crafting"
		},
		{
			"id": "Sets Port Defense Mod",
			"name": "Sets Port Defense Mod",
			"description": "Sets Port Defense"
		},
		{
			"id": "Sets Port Defense When Crafting Mod",
			"name": "Sets Port Defense When Crafting Mod",
			"description": "Sets Port Defense When Crafting"
		},
		{
			"id": "Sets Speed Mod",
			"name": "Sets Speed Mod",
			"description": "Sets Speed"
		},
		{
			"id": "Sets Speed When Crafting Mod",
			"name": "Sets Speed When Crafting Mod",
			"description": "Sets Speed When Crafting"
		},
		{
			"id": "Sets Starboard Defense Mod",
			"name": "Sets Starboard Defense Mod",
			"description": "Sets Starboard Defense"
		},
		{
			"id": "Sets Starboard Defense When Crafting Mod",
			"name": "Sets Starboard Defense When Crafting Mod",
			"description": "Sets Starboard Defense When Crafting"
		},
		{
			"id": "Sets System Strain Mod",
			"name": "Sets System Strain Mod",
			"description": "Sets System Strain"
		},
		{
			"id": "Sets System Strain When Crafting to Silhouette Mod",
			"name": "Sets System Strain When Crafting to Silhouette Mod",
			"description": "Sets System Strain When Crafting to Silhouette"
		},
		{
			"id": "Sets System Strain to Silhouette Mod",
			"name": "Sets System Strain to Silhouette Mod",
			"description": "Sets System Strain to Silhouette"
		},
		{
			"id": "Slow Firing Quality",
			"name": "Slow Firing Quality",
			"description": "Slow Firing {0}"
		},
		{
			"id": "Stagger Quality",
			"name": "Stagger Quality",
			"description": "Stagger {0}"
		},
		{
			"id": "Stun (Droid Only) Quality",
			"name": "Stun (Droid Only) Quality",
			"description": "Stun {0} (Droid Only)"
		},
		{
			"id": "Stun Damage (Droid Only) Quality",
			"name": "Stun Damage (Droid Only) Quality",
			"description": "Stun Damage (Droid Only)"
		},
		{
			"id": "Stun Damage Quality",
			"name": "Stun Damage Quality",
			"description": "Stun Damage"
		},
		{
			"id": "Stun Quality",
			"name": "Stun Quality",
			"description": "Stun {0}"
		},
		{
			"id": "Stun Setting Quality",
			"name": "Stun Setting Quality",
			"description": "Stun Setting"
		},
		{
			"id": "Stun Takes One Less Advantage to Activate Mod",
			"name": "Stun Takes One Less Advantage to Activate Mod",
			"description": "Stun Takes One Less [AD] to Activate"
		},
		{
			"id": "Subtract from Cybernetics Cap Mod",
			"name": "Subtract from Cybernetics Cap Mod",
			"description": "Subtract 1 from Cybernetics Cap"
		},
		{
			"id": "Subtract from Force Rating Mod",
			"name": "Subtract from Force Rating Mod",
			"description": "Subtract 1 from Force Rating"
		},
		{
			"id": "Successful Medicine checks heal +1 wound Mod",
			"name": "Successful Medicine checks heal +1 wound Mod",
			"description": "Successful Medicine checks heal +1 wound."
		},
		{
			"id": "Sunder Quality",
			"name": "Sunder Quality",
			"description": "Sunder"
		},
		{
			"id": "Sunder Takes One Less Advantage to Activate Mod",
			"name": "Sunder Takes One Less Advantage to Activate Mod",
			"description": "Sunder Takes One Less [AD] to Activate"
		},
		{
			"id": "Superior Quality",
			"name": "Superior Quality",
			"description": "Superior"
		},
		{
			"id": "Tractor Quality",
			"name": "Tractor Quality",
			"description": "Tractor {0}"
		},
		{
			"id": "Unwieldy Quality",
			"name": "Unwieldy Quality",
			"description": "Unwieldy {0}"
		},
		{
			"id": "Upgrade Difficulty of Check Mod",
			"name": "Upgrade Difficulty of Check Mod",
			"description": "Upgrade Difficulty of Check Once"
		},
		{
			"id": "Upgrade ability of Gunnery checks Mod",
			"name": "Upgrade ability of Gunnery checks Mod",
			"description": "Upgrade ability of Gunnery checks by 1"
		},
		{
			"id": "Vehicle can carry a weapon for craft 1 silhouette larger Mod",
			"name": "Vehicle can carry a weapon for craft 1 silhouette larger Mod",
			"description": "Vehicle can carry a weapon for craft 1 silhouette larger"
		},
		{
			"id": "Vicious (Droid Only) Quality",
			"name": "Vicious (Droid Only) Quality",
			"description": "Vicious (Droid Only) {0}"
		},
		{
			"id": "Vicious Quality",
			"name": "Vicious Quality",
			"description": "Vicious {0}"
		},
		{
			"id": "Weapon's skill changes to Ranged-Heavy Mod",
			"name": "Weapon's skill changes to Ranged-Heavy Mod",
			"description": "Weapon's skill changes to Ranged-Heavy"
		},
		{
			"id": "Weapon's skill changes to Ranged-Light Mod",
			"name": "Weapon's skill changes to Ranged-Light Mod",
			"description": "Weapon's skill changes to Ranged-Light"
		}
	]
}